log_id,user_id,query_type,execution_time,cpu_usage,memory_usage,execution_date,status
1,1030,JOIN,2.1514,4.04,17.28,2026-03-18,TIMEOUT
2,862,ANALYZE,1.3741,25.7,47.25,2026-07-04,FAILED
3,904,INSERT,0.0175,1.65,7.3,2026-04-15,FAILED
5,1528,JOIN,0.2,12.24,35.66,2026-07-02,TIMEOUT
6,289,CREATE INDEX,1.7939,11.16,51.63,2026-02-17,TIMEOUT
7,865,SELECT,2.2285,19.63,52.7,2026-02-24,SUCCESS
8,1537,ANALYZE,2.1898,14.24,33.86,2026-04-19,FAILED
10,1972,CREATE INDEX,0.1079,0.92,2.99,2026-04-24,FAILED
11,1815,SELECT,1.7548,23.76,44.3,2026-11-03,TIMEOUT
12,824,CREATE INDEX,1.3749,22.82,43.41,2026-04-14,SUCCESS
14,1899,DELETE,0.0398,1.02,8.16,2026-04-16,FAILED
15,890,JOIN,2.2691,29.18,22.42,2026-04-28,TIMEOUT
16,898,CREATE INDEX,0.0685,1.93,14.54,2026-04-18,ERROR
17,1926,SELECT,0.6735,17.7,10.32,2026-06-04,TIMEOUT
19,508,SELECT,0.113,1.92,10.36,2026-03-23,FAILED
20,11,UPDATE,1.4618,27.05,57.25,2026-04-03,TIMEOUT
21,1921,INSERT,0.5651,20.78,57.71,2026-04-23,FAILED
22,596,SELECT,1.6747,32.76,48.09,2026-04-28,SUCCESS
23,1040,DELETE,2.0219,18.44,15.82,2026-02-01,SUCCESS
25,53,SELECT,0.0498,0.68,5.56,2026-01-16,ERROR
26,956,JOIN,2.0143,5.81,33.58,2026-02-25,FAILED
27,940,JOIN,1.6995,2.9,26.95,2026-01-26,SUCCESS
28,356,SELECT,1.3665,29.44,29.85,2026-07-04,TIMEOUT
29,991,CREATE INDEX,2.1958,4.96,34.15,2026-11-04,TIMEOUT
31,625,INSERT,0.445,16.51,59.96,2026-04-15,SUCCESS
32,958,INSERT,1.3031,15.84,34.0,2026-09-03,SUCCESS
33,1672,SELECT,0.0017,0.28,7.36,2026-12-02,FAILED
34,1605,ANALYZE,0.4643,1.44,51.56,2026-02-15,TIMEOUT
35,1173,ANALYZE,0.5492,21.92,20.43,2026-07-04,FAILED
36,440,JOIN,1.4115,23.63,12.29,2026-11-04,SUCCESS
37,1956,DELETE,0.274,2.58,24.59,2026-04-13,SUCCESS
38,1291,SELECT,0.7907,20.79,8.52,2026-04-30,FAILED
39,535,UPDATE,0.0445,30.39,54.77,2026-02-02,SUCCESS
40,32,SELECT,0.5957,11.19,10.16,2026-03-13,SUCCESS
41,1918,ANALYZE,0.7943,16.23,39.42,2026-02-04,SUCCESS
42,1894,DELETE,1.5234,20.99,28.44,2026-03-28,SUCCESS
44,1465,DELETE,0.7108,11.9,44.99,2026-09-04,SUCCESS
45,251,UPDATE,0.0883,0.14,14.4,2026-01-26,ERROR
47,1994,CREATE INDEX,0.0817,20.45,24.58,2026-02-19,SUCCESS
49,1109,CREATE INDEX,0.9982,9.3,13.12,2026-03-01,FAILED
50,1109,DELETE,0.6669,11.36,56.93,2026-03-17,SUCCESS
51,368,JOIN,1.629,33.67,33.27,2026-03-02,SUCCESS
52,1066,ANALYZE,0.8006,23.2,5.63,2026-01-02,TIMEOUT
54,2000,UPDATE,1.4084,10.01,52.37,2026-02-17,SUCCESS
55,1305,DELETE,2.0305,31.45,42.04,2026-09-02,FAILED
56,1287,DELETE,1.2173,0.68,24.49,2026-04-17,SUCCESS
57,837,ANALYZE,1.6014,3.41,25.5,2026-04-04,SUCCESS
58,1464,CREATE INDEX,2.497,1.13,16.94,2026-04-19,SUCCESS
59,629,JOIN,2.3893,13.63,57.97,2026-08-03,SUCCESS
60,1356,INSERT,0.0137,1.49,5.67,2026-03-02,FAILED
61,1511,JOIN,1.9702,6.1,21.11,2026-11-03,TIMEOUT
62,275,DELETE,2.4405,22.23,51.6,2026-03-24,SUCCESS
63,866,UPDATE,0.4355,18.31,14.88,2026-11-03,FAILED
64,59,SELECT,1.6726,24.8,47.17,2026-04-18,FAILED
65,754,UPDATE,1.335,21.18,18.65,2026-01-14,SUCCESS
66,993,SELECT,0.9592,21.78,40.62,2026-02-14,SUCCESS
67,1138,JOIN,2.0733,24.08,30.08,2026-03-16,SUCCESS
68,142,ANALYZE,2.023,27.34,19.59,2026-03-26,SUCCESS
69,666,DELETE,1.4083,11.63,54.4,2026-03-26,FAILED
71,840,ANALYZE,0.0327,0.94,8.93,2026-05-04,ERROR
72,549,UPDATE,0.8069,29.52,29.44,2026-01-19,SUCCESS
73,550,INSERT,2.4309,19.86,11.78,2026-07-02,SUCCESS
74,1297,DELETE,0.0641,25.22,42.08,2026-02-13,SUCCESS
76,1059,INSERT,0.0976,0.21,6.6,2026-01-23,ERROR
77,1145,CREATE INDEX,0.3352,20.47,38.64,2026-04-17,SUCCESS
78,975,ANALYZE,0.0028,1.54,9.91,2026-03-26,ERROR
80,1419,INSERT,1.9247,34.4,13.57,2026-01-29,FAILED
82,1069,CREATE INDEX,1.4023,4.23,19.9,2026-02-23,FAILED
83,1127,CREATE INDEX,2.4714,34.6,55.08,2026-03-26,FAILED
84,704,UPDATE,1.5204,9.31,53.58,2026-04-18,SUCCESS
85,1319,DELETE,0.0642,28.41,18.96,2026-07-04,SUCCESS
86,753,UPDATE,2.1072,14.3,17.01,2026-07-01,FAILED
88,1002,UPDATE,0.8556,6.75,59.39,2026-04-21,TIMEOUT
89,1556,UPDATE,0.095,1.86,14.71,2026-04-01,ERROR
90,430,DELETE,2.1402,4.86,16.62,2026-04-21,FAILED
91,1790,CREATE INDEX,0.3504,23.91,52.12,2026-02-16,SUCCESS
92,803,CREATE INDEX,1.8181,7.02,38.37,2026-04-01,SUCCESS
93,1671,ANALYZE,1.4366,28.16,52.6,2026-05-02,TIMEOUT
94,1928,ANALYZE,0.0409,1.13,5.99,2026-02-28,FAILED
95,1420,SELECT,1.703,14.78,39.25,2026-04-27,SUCCESS
96,60,UPDATE,1.2913,31.14,10.06,2026-03-29,SUCCESS
97,318,UPDATE,1.7899,1.89,5.42,2026-01-13,SUCCESS
98,1729,CREATE INDEX,2.0355,9.37,46.62,2026-01-21,TIMEOUT
100,1356,DELETE,0.9372,18.99,52.87,2026-03-04,SUCCESS
101,1754,UPDATE,0.5309,11.15,45.61,2026-04-30,TIMEOUT
103,162,UPDATE,1.7008,24.23,11.33,2026-01-27,TIMEOUT
104,388,DELETE,1.3718,5.5,54.27,2026-03-23,SUCCESS
105,589,CREATE INDEX,0.0024,1.09,13.41,2026-04-18,ERROR
106,283,SELECT,1.4035,33.95,30.08,2026-03-19,SUCCESS
107,99,CREATE INDEX,1.4049,26.54,58.2,2026-11-01,TIMEOUT
108,709,JOIN,2.0542,33.15,49.75,2026-07-02,FAILED
109,1209,SELECT,1.3238,16.11,10.98,2026-04-13,SUCCESS
110,1178,DELETE,1.2018,1.26,54.4,2026-01-18,FAILED
111,803,SELECT,1.3416,9.3,58.45,2026-06-04,SUCCESS
112,1542,ALTER TABLE,0.308,33.75,54.78,2026-02-04,ERROR
114,1764,ANALYZE,1.053,17.37,37.76,2026-02-26,SUCCESS
115,233,JOIN,1.4805,17.16,5.9,2026-01-28,SUCCESS
116,70,JOIN,1.9637,10.67,52.33,2026-10-02,SUCCESS
117,885,ANALYZE,1.4551,12.69,52.82,2026-01-22,TIMEOUT
119,831,ANALYZE,2.0063,28.28,27.88,2026-01-01,SUCCESS
120,105,UPDATE,1.3166,31.97,9.65,2026-01-22,SUCCESS
123,71,ANALYZE,1.6296,34.0,7.59,2026-12-01,SUCCESS
124,135,UPDATE,0.0282,21.81,7.4,2026-04-29,SUCCESS
125,1814,CREATE INDEX,1.3709,19.39,33.42,2026-11-03,TIMEOUT
126,1680,SELECT,0.8865,19.02,30.52,2026-01-02,FAILED
127,847,DELETE,0.2325,23.78,14.82,2026-01-31,FAILED
128,409,JOIN,1.0056,34.43,41.06,2026-01-03,SUCCESS
129,706,SELECT,1.8847,34.34,36.18,2026-08-03,TIMEOUT
130,1686,ANALYZE,0.1033,0.71,7.93,2026-01-15,FAILED
131,1668,DELETE,2.4148,17.68,28.02,2026-03-14,SUCCESS
133,1798,INSERT,1.4907,20.38,59.66,2026-01-23,SUCCESS
134,1089,SELECT,0.863,25.9,44.29,2026-03-17,SUCCESS
135,1361,DELETE,1.5222,17.84,41.42,2026-01-15,SUCCESS
136,9,JOIN,0.7846,14.57,18.86,2026-02-26,FAILED
137,1943,INSERT,1.5875,0.67,37.3,2026-01-13,SUCCESS
138,666,DELETE,2.116,33.39,29.13,2026-02-26,SUCCESS
139,1702,UPDATE,1.1204,21.96,30.82,2026-04-21,SUCCESS
140,345,SELECT,1.3743,7.56,59.39,2026-07-02,FAILED
141,1557,DELETE,2.1704,23.43,14.12,2026-01-13,SUCCESS
142,264,JOIN,1.6149,14.11,38.9,2026-08-02,SUCCESS
144,619,SELECT,1.5568,7.24,14.34,2026-02-25,TIMEOUT
145,257,DELETE,1.5946,23.99,38.65,2026-05-04,SUCCESS
146,1222,JOIN,1.4088,29.36,17.42,2026-03-30,SUCCESS
147,1096,ANALYZE,0.7211,23.44,57.62,2026-06-03,FAILED
149,1863,UPDATE,1.4024,13.54,52.5,2026-04-21,SUCCESS
151,389,UPDATE,1.3679,34.37,11.43,2026-02-20,SUCCESS
152,1232,UPDATE,1.2947,30.91,10.42,2026-01-31,TIMEOUT
153,1839,SELECT,2.2274,26.78,41.24,2026-02-28,SUCCESS
154,204,CREATE INDEX,2.0686,7.08,48.88,2026-04-21,SUCCESS
155,1218,INSERT,0.2256,8.67,29.38,2026-04-20,SUCCESS
157,129,DELETE,0.1627,16.91,46.09,2026-07-01,SUCCESS
158,877,CREATE INDEX,0.6468,19.3,18.64,2026-01-14,SUCCESS
159,346,SELECT,1.5102,27.8,19.2,2026-04-13,SUCCESS
160,210,CREATE INDEX,0.9186,26.46,27.58,2026-03-23,SUCCESS
161,1574,JOIN,0.8047,30.1,52.67,2026-09-02,SUCCESS
162,1690,JOIN,0.4614,14.96,6.87,2026-03-20,FAILED
163,943,UPDATE,1.8488,30.48,16.44,2026-04-30,SUCCESS
167,1781,DELETE,1.465,20.14,24.7,2026-08-04,PENDING
168,1623,UPDATE,0.035,14.76,7.42,2026-03-01,SUCCESS
172,112,UPDATE,0.2792,14.93,11.41,2026-09-01,SUCCESS
176,548,CREATE INDEX,0.4208,14.2,7.69,2026-02-28,FAILED
178,1594,ANALYZE,1.9927,15.33,19.84,2026-05-04,SUCCESS
181,190,UPDATE,0.5549,12.24,10.11,2026-10-03,FAILED
182,1688,JOIN,1.7274,16.51,24.12,2026-11-04,SUCCESS
185,588,ANALYZE,0.1325,19.66,51.61,2026-01-29,FAILED
187,1991,CREATE INDEX,0.0467,0.59,10.49,2026-02-23,FAILED
188,648,UPDATE,0.3361,32.99,55.07,2026-07-01,SUCCESS
190,646,INSERT,1.569,11.48,18.92,2026-08-03,SUCCESS
191,1399,UPDATE,0.0074,1.7,9.06,2026-05-03,FAILED
193,1921,UPDATE,1.5886,12.38,27.14,2026-04-21,FAILED
194,1304,CREATE INDEX,0.0704,1.4,10.0,2026-06-01,ERROR
195,1777,CREATE INDEX,1.0146,25.12,40.5,2026-02-15,SUCCESS
197,943,SELECT,0.1056,33.99,31.1,2026-01-23,SUCCESS
199,886,INSERT,0.9974,29.8,53.08,2026-03-19,SUCCESS
200,1223,JOIN,2.3943,9.53,22.45,2026-02-04,TIMEOUT
201,1818,ANALYZE,2.1342,11.91,9.89,2026-01-25,TIMEOUT
202,383,SELECT,0.4478,25.4,17.4,2026-09-02,SUCCESS
203,956,ANALYZE,0.1169,9.96,57.86,2026-04-24,SUCCESS
204,1422,SELECT,0.0421,1.79,7.5,2026-03-31,FAILED
205,1559,DELETE,0.112,0.9,2.68,2026-03-29,ERROR
206,1446,SELECT,2.1654,9.03,22.91,2026-03-15,FAILED
208,1905,UPDATE,0.7033,34.45,46.28,2026-05-04,SUCCESS
209,1126,INSERT,2.0119,14.22,14.87,2026-12-01,SUCCESS
210,828,ANALYZE,1.7286,25.98,5.02,2026-08-01,FAILED
212,222,DELETE,0.5049,28.22,13.57,2026-01-26,SUCCESS
213,80,UPDATE,0.0919,1.75,33.89,2026-06-03,PENDING
214,1423,ANALYZE,2.242,33.84,26.99,2026-10-01,SUCCESS
217,799,INSERT,2.4106,30.71,32.09,2026-02-13,SUCCESS
219,87,JOIN,0.243,5.67,38.13,2026-04-14,TIMEOUT
220,42,ANALYZE,1.969,21.32,14.53,2026-01-04,SUCCESS
221,418,JOIN,0.1782,30.77,15.47,2026-04-03,FAILED
222,264,DELETE,2.1536,18.17,11.77,2026-03-13,TIMEOUT
226,1611,ANALYZE,0.375,31.67,22.41,2026-01-03,FAILED
227,1124,CREATE INDEX,0.354,4.59,54.18,2026-04-25,SUCCESS
228,1396,CREATE INDEX,0.9464,8.23,59.26,2026-02-22,SUCCESS
229,311,JOIN,1.4357,34.77,52.23,2026-12-04,SUCCESS
231,459,DELETE,2.4453,27.56,42.55,2026-03-18,TIMEOUT
232,748,SELECT,0.1599,34.97,11.6,2026-08-03,SUCCESS
233,1137,DELETE,0.7536,11.29,30.44,2026-10-03,SUCCESS
234,216,INSERT,1.8768,5.44,52.63,2026-02-19,SUCCESS
235,1821,CREATE INDEX,1.8262,7.21,40.49,2026-09-03,SUCCESS
237,1410,ANALYZE,1.013,4.27,10.16,2026-09-03,FAILED
239,1561,CREATE INDEX,0.9876,31.6,16.25,2026-01-29,FAILED
240,606,ANALYZE,2.179,30.16,6.87,2026-01-26,SUCCESS
243,1859,ANALYZE,0.5738,22.23,9.0,2026-02-13,SUCCESS
244,73,JOIN,1.6419,34.34,5.88,2026-01-14,FAILED
245,446,SELECT,0.1998,7.21,39.51,2026-04-01,SUCCESS
248,592,SELECT,0.0538,18.74,49.62,2026-07-03,SUCCESS
249,1692,INSERT,2.001,25.76,54.74,2026-01-17,SUCCESS
250,1929,INSERT,2.0266,18.51,41.56,2026-02-18,TIMEOUT
251,1625,ANALYZE,1.1655,14.15,20.9,2026-02-01,FAILED
252,1863,INSERT,2.1093,18.43,22.88,2026-03-28,SUCCESS
253,288,ANALYZE,1.0818,29.29,8.87,2026-01-04,SUCCESS
254,1657,ANALYZE,2.2147,11.21,45.26,2026-02-26,TIMEOUT
255,81,UPDATE,1.1729,8.22,17.52,2026-03-04,TIMEOUT
256,741,UPDATE,0.7188,14.1,57.17,2026-02-01,SUCCESS
257,99,UPDATE,0.6697,8.09,16.18,2026-01-03,SUCCESS
259,1278,ANALYZE,1.0092,9.28,26.97,2026-03-18,FAILED
260,1671,SELECT,1.1543,1.42,27.94,2026-01-02,SUCCESS
261,1881,INSERT,0.1485,1.84,7.68,2026-02-19,ERROR
262,1933,DELETE,0.2087,25.57,35.04,2026-05-03,SUCCESS
263,359,SELECT,2.366,9.09,28.69,2026-04-14,TIMEOUT
264,1190,CREATE INDEX,2.2155,14.64,23.27,2026-03-04,FAILED
266,1610,DELETE,1.676,1.52,46.64,2026-04-14,SUCCESS
267,1754,SELECT,0.0521,3.52,55.64,2026-02-24,SUCCESS
269,105,CREATE INDEX,1.8384,28.48,20.21,2026-04-02,SUCCESS
270,1736,DELETE,0.6902,32.75,26.17,2026-01-27,SUCCESS
271,426,SELECT,1.7504,31.65,29.62,2026-01-21,SUCCESS
272,188,CREATE INDEX,2.0876,7.95,59.7,2026-07-02,SUCCESS
273,1316,ANALYZE,2.4457,14.1,12.33,2026-02-14,FAILED
275,812,JOIN,2.3631,5.92,53.29,2026-01-03,SUCCESS
276,451,JOIN,0.0266,1.17,11.41,2026-04-03,FAILED
278,115,DELETE,0.436,13.79,22.67,2026-03-14,SUCCESS
279,962,SELECT,1.7466,7.99,22.94,2026-02-25,SUCCESS
281,1254,ANALYZE,1.0329,29.07,36.5,2026-02-16,SUCCESS
282,1092,UPDATE,0.0052,1.3,10.97,2026-11-02,FAILED
283,583,JOIN,2.43,4.35,49.13,2026-09-01,SUCCESS
284,764,DELETE,0.1151,0.16,10.96,2026-01-26,ERROR
286,32,SELECT,0.2956,24.93,54.96,2026-02-13,SUCCESS
287,1937,UPDATE,0.7784,2.73,10.61,2026-02-15,SUCCESS
289,1370,INSERT,0.7339,30.06,7.15,2026-03-22,SUCCESS
292,472,INSERT,0.9623,20.04,29.46,2026-10-02,TIMEOUT
295,757,UPDATE,2.1267,32.05,46.21,2026-10-04,FAILED
296,672,INSERT,0.688,34.35,28.92,2026-08-03,FAILED
297,864,CREATE INDEX,0.0053,0.75,2.14,2026-02-17,ERROR
298,741,SELECT,1.4683,10.39,27.79,2026-02-19,SUCCESS
299,1108,CREATE INDEX,1.6199,23.15,18.54,2026-01-03,SUCCESS
301,399,CREATE INDEX,1.3028,14.44,36.19,2026-10-03,FAILED
302,1518,ANALYZE,0.6864,18.43,50.44,2026-04-27,TIMEOUT
303,1334,CREATE INDEX,0.147,1.68,9.6,2026-10-02,FAILED
304,467,SELECT,0.4792,20.63,52.06,2026-02-16,SUCCESS
306,783,DELETE,0.1379,0.38,10.66,2026-03-31,FAILED
307,607,SELECT,2.1679,34.78,54.3,2026-02-01,SUCCESS
308,1712,UPDATE,0.849,23.58,23.27,2026-12-03,FAILED
309,322,CREATE INDEX,2.2279,16.57,38.83,2026-03-28,SUCCESS
310,131,ANALYZE,0.9532,18.2,33.14,2026-03-15,SUCCESS
312,649,DELETE,1.0342,0.9,25.46,2026-08-04,SUCCESS
313,1084,INSERT,2.2235,24.68,55.02,2026-05-04,TIMEOUT
314,842,DELETE,1.3563,25.46,32.62,2026-01-25,SUCCESS
315,1829,INSERT,1.9454,30.83,30.05,2026-04-03,SUCCESS
316,1067,INSERT,1.5871,1.95,15.99,2026-02-01,SUCCESS
317,177,DELETE,2.0854,21.79,16.25,2026-11-02,SUCCESS
318,65,UPDATE,0.1157,28.62,30.68,2026-04-13,FAILED
319,619,UPDATE,1.4711,1.51,58.7,2026-04-21,SUCCESS
320,1831,JOIN,2.2996,7.88,45.45,2026-09-03,SUCCESS
321,914,SELECT,2.1818,10.18,47.22,2026-04-04,SUCCESS
322,655,ANALYZE,0.3053,20.34,32.44,2026-07-03,SUCCESS
323,828,DELETE,1.9326,27.63,59.31,2026-03-03,SUCCESS
324,1992,DELETE,0.3542,3.65,58.28,2026-04-02,SUCCESS
325,1929,ANALYZE,2.2256,17.34,11.32,2026-01-23,FAILED
326,555,UPDATE,0.7465,28.93,36.42,2026-02-23,SUCCESS
327,1065,INSERT,2.4197,31.08,16.3,2026-01-16,SUCCESS
329,1564,INSERT,0.2621,10.5,38.91,2026-12-02,FAILED
330,579,ANALYZE,0.1174,0.72,8.51,2026-02-20,FAILED
331,1333,DELETE,2.4435,13.04,57.33,2026-04-01,SUCCESS
332,1453,UPDATE,0.0599,1.79,2.09,2026-03-28,FAILED
333,1813,CREATE INDEX,0.458,31.72,39.33,2026-02-13,SUCCESS
334,735,CREATE INDEX,2.3021,6.61,49.52,2026-07-01,FAILED
335,740,SELECT,2.1056,14.23,45.76,2026-09-02,ERROR
336,192,ANALYZE,1.2823,2.26,58.82,2026-03-22,TIMEOUT
337,140,UPDATE,0.8235,13.09,23.05,2026-09-04,SUCCESS
338,348,INSERT,1.3087,18.53,17.7,2026-04-30,SUCCESS
339,306,DELETE,0.0391,1.63,8.27,2026-08-03,ERROR
340,484,JOIN,0.5302,27.86,23.73,2026-04-14,SUCCESS
341,1604,SELECT,1.0675,31.89,11.99,2026-04-14,TIMEOUT
342,666,INSERT,0.7853,29.31,48.67,2026-06-02,SUCCESS
343,632,CREATE INDEX,0.2086,33.62,36.05,2026-04-26,SUCCESS
345,1938,JOIN,1.1652,26.67,15.66,2026-02-22,SUCCESS
346,391,CREATE INDEX,1.1135,0.88,18.55,2026-02-16,FAILED
347,1869,DELETE,0.0279,17.55,46.9,2026-07-01,FAILED
348,1548,SELECT,2.0129,19.63,47.62,2026-04-21,TIMEOUT
349,832,SELECT,0.8606,20.55,35.66,2026-01-05,SUCCESS
350,1633,UPDATE,0.8218,8.66,6.96,2026-05-04,SUCCESS
351,55,JOIN,1.4271,19.05,57.88,2026-02-27,SUCCESS
353,1130,ANALYZE,0.6742,4.62,20.95,2026-03-30,SUCCESS
354,321,DELETE,0.6962,23.95,14.25,2026-01-14,SUCCESS
356,1626,UPDATE,2.417,5.82,27.38,2026-02-16,TIMEOUT
357,1876,CREATE INDEX,1.3169,18.04,24.11,2026-10-04,SUCCESS
358,399,JOIN,2.0487,20.78,45.42,2026-01-05,SUCCESS
359,77,JOIN,0.5672,3.47,23.85,2026-04-01,SUCCESS
361,789,UPDATE,2.3184,21.02,56.62,2026-01-31,SUCCESS
362,1033,JOIN,1.9337,4.6,45.49,2026-01-04,TIMEOUT
363,128,INSERT,2.2066,7.1,22.27,2026-01-04,SUCCESS
364,1964,CREATE INDEX,0.1177,15.54,35.14,2026-04-30,SUCCESS
365,547,CREATE INDEX,0.7019,11.86,20.52,2026-02-03,SUCCESS
366,447,CREATE INDEX,1.1519,26.82,46.67,2026-02-24,SUCCESS
368,195,JOIN,0.3101,17.96,50.46,2026-01-28,SUCCESS
369,1097,INSERT,0.8041,0.76,45.9,2026-03-23,SUCCESS
370,230,UPDATE,0.4594,14.82,32.72,2026-03-01,SUCCESS
371,1449,ANALYZE,0.6628,33.31,16.03,2026-04-15,SUCCESS
372,173,DELETE,1.0553,17.06,9.94,2026-01-24,SUCCESS
374,901,UPDATE,0.3306,14.83,7.22,2026-01-05,SUCCESS
376,427,DELETE,1.6448,14.03,28.48,2026-03-03,SUCCESS
377,774,JOIN,1.2137,7.29,28.61,2026-11-03,TIMEOUT
378,204,JOIN,1.6869,34.77,6.72,2026-04-18,FAILED
379,1660,CREATE INDEX,1.4194,33.1,50.41,2026-07-02,SUCCESS
381,234,ANALYZE,0.7838,29.75,56.26,2026-04-01,FAILED
382,1127,INSERT,1.9796,21.39,56.83,2026-05-01,SUCCESS
383,1224,ANALYZE,2.4725,30.37,21.35,2026-01-20,SUCCESS
384,205,JOIN,0.1265,15.55,18.47,2026-04-27,SUCCESS
385,442,UPDATE,1.733,30.73,20.91,2026-07-01,SUCCESS
386,1828,DELETE,2.0566,25.5,31.44,2026-06-01,SUCCESS
387,1564,JOIN,1.4417,24.42,37.5,2026-02-20,TIMEOUT
388,1353,INSERT,1.7551,10.41,15.04,2026-03-26,SUCCESS
389,1322,SELECT,1.385,17.93,32.23,2026-02-13,SUCCESS
390,1174,CREATE INDEX,1.3717,26.18,49.27,2026-04-27,SUCCESS
392,1539,UPDATE,2.283,20.4,28.25,2026-06-01,SUCCESS
393,1135,SELECT,0.3986,3.39,54.39,2026-01-25,SUCCESS
394,1610,UPDATE,1.2916,31.19,46.33,2026-02-25,SUCCESS
395,159,SELECT,1.2711,2.43,55.36,2026-04-15,FAILED
396,923,UPDATE,0.1028,12.64,15.02,2026-03-31,SUCCESS
397,1690,CREATE INDEX,1.1401,32.43,29.83,2026-06-03,TIMEOUT
398,1112,SELECT,1.7336,0.94,10.5,2026-01-18,SUCCESS
399,274,SELECT,2.3546,7.58,28.67,2026-12-04,SUCCESS
401,1710,JOIN,1.2277,22.81,48.25,2026-05-01,TIMEOUT
402,720,ANALYZE,0.5118,32.5,27.06,2026-09-03,SUCCESS
403,539,ANALYZE,2.1813,7.02,26.91,2026-04-20,SUCCESS
404,187,INSERT,0.4658,22.12,43.23,2026-02-19,SUCCESS
406,312,JOIN,0.8336,29.02,32.13,2026-06-04,SUCCESS
407,184,UPDATE,0.0674,0.22,14.43,2026-02-24,ERROR
408,276,UPDATE,0.2326,23.46,35.38,2026-01-16,FAILED
409,1443,DELETE,2.2435,26.69,7.42,2026-01-22,TIMEOUT
411,386,INSERT,0.3558,11.83,7.05,2026-07-01,FAILED
412,603,CREATE INDEX,0.4716,10.31,13.8,2026-01-16,FAILED
414,1948,ANALYZE,0.0681,1.53,11.6,2026-03-17,ERROR
416,696,UPDATE,2.4676,30.75,10.6,2026-11-01,SUCCESS
417,842,JOIN,0.0832,0.72,1.49,2026-01-04,FAILED
418,839,DELETE,0.2735,15.1,59.02,2026-10-01,SUCCESS
420,1282,CREATE INDEX,1.5879,22.02,31.87,2026-08-03,SUCCESS
421,562,ANALYZE,0.1124,1.22,14.5,2026-08-02,FAILED
422,1209,UPDATE,0.1698,22.32,10.62,2026-01-01,FAILED
423,139,ANALYZE,1.2022,9.54,48.94,2026-03-25,SUCCESS
424,1935,ANALYZE,2.1225,26.94,20.62,2026-02-04,SUCCESS
425,2000,JOIN,0.8672,30.91,23.6,2026-06-04,SUCCESS
426,1160,SELECT,1.9627,11.38,8.23,2026-01-02,FAILED
427,819,JOIN,0.3954,32.06,22.11,2026-07-04,SUCCESS
428,586,SELECT,0.3258,20.51,50.95,2026-03-01,SUCCESS
429,474,DELETE,0.9513,33.73,46.81,2026-08-01,SUCCESS
430,197,SELECT,2.1413,11.66,17.4,2026-05-03,FAILED
432,1019,JOIN,0.0425,16.11,54.41,2026-01-16,SUCCESS
433,346,INSERT,0.1245,1.64,4.97,2026-04-22,ERROR
434,569,UPDATE,0.0983,1.59,2.28,2026-03-15,FAILED
436,1293,JOIN,1.311,21.27,39.79,2026-02-20,SUCCESS
437,780,ANALYZE,1.9247,4.55,14.7,2026-04-02,SUCCESS
439,998,JOIN,0.9052,3.92,36.1,2026-02-24,FAILED
440,1890,INSERT,1.8104,17.71,30.74,2026-01-17,SUCCESS
441,655,ANALYZE,0.8161,13.11,42.53,2026-03-18,SUCCESS
442,1688,ANALYZE,0.6268,32.67,20.93,2026-04-02,FAILED
444,402,JOIN,0.6948,1.09,11.76,2026-05-04,SUCCESS
445,211,UPDATE,1.0162,33.18,45.64,2026-05-01,FAILED
447,56,JOIN,0.8569,30.16,39.59,2026-03-21,TIMEOUT
449,1027,UPDATE,2.4128,25.19,12.03,2026-01-27,TIMEOUT
451,695,SELECT,1.7726,14.57,55.63,2026-06-04,SUCCESS
452,457,INSERT,1.5872,20.31,38.01,2026-02-20,TIMEOUT
454,1115,CREATE INDEX,0.7207,5.1,32.32,2026-12-04,SUCCESS
455,801,SELECT,0.1161,0.58,6.82,2026-04-22,FAILED
456,1895,INSERT,1.2341,5.73,57.82,2026-03-19,SUCCESS
457,1392,SELECT,0.2674,19.02,39.85,2026-10-01,SUCCESS
459,350,ANALYZE,1.6892,5.22,34.2,2026-04-29,TIMEOUT
460,682,JOIN,2.4451,7.26,44.52,2026-01-18,FAILED
462,24,SELECT,1.2195,12.55,52.7,2026-01-11,PENDING
463,1814,UPDATE,1.0561,8.58,50.69,2026-01-28,TIMEOUT
464,1432,ANALYZE,2.0375,21.7,36.95,2026-03-28,TIMEOUT
465,651,CREATE INDEX,0.0515,0.59,9.97,2026-01-20,ERROR
467,856,UPDATE,0.0208,1.31,8.8,2026-01-13,FAILED
468,1662,INSERT,1.3136,13.61,25.99,2026-08-02,SUCCESS
469,1470,UPDATE,2.3252,31.9,47.14,2026-01-27,SUCCESS
470,1493,UPDATE,1.9629,13.89,35.07,2026-01-30,FAILED
471,1515,DELETE,2.2553,30.23,7.79,2026-09-02,TIMEOUT
472,491,CREATE INDEX,1.4197,11.23,24.75,2026-02-19,SUCCESS
473,1082,SELECT,0.0215,1.88,10.26,2026-10-01,FAILED
474,179,ANALYZE,0.0736,11.81,13.14,2026-04-15,SUCCESS
475,56,SELECT,0.8215,4.72,45.09,2026-01-20,SUCCESS
476,59,CREATE INDEX,0.4569,10.33,5.64,2026-02-01,FAILED
477,666,DELETE,0.7451,32.68,58.74,2026-02-19,SUCCESS
478,1936,SELECT,0.9723,14.22,49.9,2026-07-03,FAILED
479,222,JOIN,0.0378,1.41,10.69,2026-04-02,ERROR
480,1913,SELECT,0.8576,10.83,39.56,2026-11-01,SUCCESS
481,962,CREATE INDEX,0.056,0.62,8.44,2026-01-20,FAILED
482,578,INSERT,0.0413,1.11,14.5,2026-03-22,FAILED
484,949,CREATE INDEX,2.1542,23.85,32.64,2026-07-04,TIMEOUT
485,362,ANALYZE,1.1912,19.7,44.34,2026-02-23,SUCCESS
486,531,SELECT,2.2076,33.58,25.55,2026-02-24,TIMEOUT
487,1955,DELETE,1.2906,21.77,38.0,2026-03-16,SUCCESS
488,84,SELECT,0.8982,14.7,38.06,2026-12-03,TIMEOUT
489,1895,UPDATE,0.1388,1.42,2.15,2026-02-14,ERROR
490,1633,UPDATE,0.2732,5.38,33.72,2026-11-02,FAILED
491,235,ANALYZE,1.5396,31.7,19.86,2026-02-21,SUCCESS
492,1102,DELETE,0.6858,25.28,56.6,2026-01-15,SUCCESS
493,1654,UPDATE,0.1116,1.97,3.54,2026-08-04,ERROR
494,131,UPDATE,0.0373,1.09,14.33,2026-03-28,ERROR
495,436,INSERT,0.1468,21.83,17.53,2026-04-13,SUCCESS
496,74,INSERT,2.2001,6.49,55.13,2026-03-16,TIMEOUT
498,1411,JOIN,0.0709,0.55,12.09,2026-03-02,ERROR
499,981,SELECT,1.2288,11.37,20.11,2026-10-03,SUCCESS
500,1876,JOIN,2.4327,32.44,32.28,2026-03-21,TIMEOUT
501,1165,ANALYZE,0.087,0.32,13.58,2026-05-03,FAILED
502,1554,JOIN,0.0732,1.92,12.75,2026-04-03,ERROR
504,1251,ANALYZE,0.6438,6.54,16.87,2026-06-02,SUCCESS
505,661,UPDATE,1.3298,23.72,17.45,2026-03-21,SUCCESS
506,1960,CREATE INDEX,1.0593,3.27,8.94,2026-01-19,SUCCESS
507,1571,DELETE,0.4489,6.54,7.58,2026-11-01,FAILED
508,1424,CREATE INDEX,0.639,27.21,10.59,2026-03-31,SUCCESS
509,324,UPDATE,1.2293,2.51,9.68,2026-01-29,TIMEOUT
510,360,SELECT,0.1261,1.82,14.4,2026-04-25,ERROR
511,1877,UPDATE,1.2936,25.15,6.42,2026-10-03,SUCCESS
512,1967,ANALYZE,2.2342,25.96,48.07,2026-04-04,TIMEOUT
514,538,UPDATE,0.8162,3.76,58.02,2026-01-01,SUCCESS
515,1440,UPDATE,2.4131,5.37,20.02,2026-01-21,TIMEOUT
516,1573,UPDATE,0.8014,14.16,15.62,2026-03-25,SUCCESS
517,1444,JOIN,0.5242,25.99,13.87,2026-01-05,SUCCESS
519,358,INSERT,0.0219,1.74,5.01,2026-12-03,FAILED
520,1628,CREATE INDEX,0.0557,30.77,47.0,2026-11-02,SUCCESS
521,1190,SELECT,0.8625,0.94,34.89,2026-11-02,SUCCESS
522,905,JOIN,1.9522,11.05,18.8,2026-01-28,SUCCESS
523,485,JOIN,1.961,18.02,22.05,2026-01-05,FAILED
524,1832,ANALYZE,0.1852,7.86,14.85,2026-02-26,SUCCESS
526,846,ANALYZE,1.204,19.58,7.1,2026-04-02,SUCCESS
528,397,UPDATE,0.2759,13.74,10.22,2026-02-26,SUCCESS
530,1813,INSERT,0.2609,4.23,19.39,2026-03-02,SUCCESS
532,891,UPDATE,2.4364,8.12,49.2,2026-02-20,SUCCESS
533,519,INSERT,1.4879,18.09,19.18,2026-02-18,SUCCESS
534,485,DELETE,0.8358,0.79,52.88,2026-01-20,SUCCESS
535,1,SELECT,0.0472,0.35,4.37,2026-03-23,FAILED
536,119,SELECT,2.3173,34.13,58.91,2026-01-31,TIMEOUT
537,1865,DELETE,1.8226,33.63,59.94,2026-01-05,TIMEOUT
538,829,JOIN,0.1124,1.71,11.91,2026-04-18,ERROR
539,1630,DELETE,2.2524,3.1,53.35,2026-01-21,TIMEOUT
540,1748,DELETE,2.4977,34.3,19.43,2026-03-27,TIMEOUT
541,657,DELETE,1.2738,34.47,31.29,2026-04-25,SUCCESS
542,1324,DELETE,0.956,8.53,56.95,2026-03-02,SUCCESS
543,250,SELECT,1.8678,20.18,17.1,2026-09-04,SUCCESS
544,155,CREATE INDEX,1.6128,15.04,48.95,2026-04-24,FAILED
546,455,CREATE INDEX,0.6206,9.53,55.16,2026-09-02,SUCCESS
548,1911,DELETE,0.0801,22.98,16.91,2026-04-27,SUCCESS
549,4,ANALYZE,1.9424,24.66,22.01,2026-08-04,SUCCESS
550,150,CREATE INDEX,1.0482,11.15,22.22,2026-04-11,TIMEOUT
551,1319,ANALYZE,1.9877,28.73,16.0,2026-09-02,SUCCESS
552,894,UPDATE,1.3093,32.3,14.39,2026-01-14,SUCCESS
553,643,ANALYZE,1.1824,16.89,10.41,2026-07-04,SUCCESS
555,1828,INSERT,1.9524,30.1,58.3,2026-12-04,FAILED
556,1108,JOIN,2.1681,3.5,33.52,2026-01-18,FAILED
557,307,UPDATE,2.407,30.26,42.32,2026-03-21,FAILED
558,1916,ANALYZE,0.7416,4.46,27.68,2026-02-17,SUCCESS
559,1968,JOIN,0.4448,27.43,50.46,2026-01-29,SUCCESS
560,1426,ANALYZE,1.8819,16.81,26.03,2026-03-28,SUCCESS
561,517,INSERT,1.4846,11.97,33.53,2026-04-30,SUCCESS
562,166,CREATE INDEX,0.1726,21.85,5.3,2026-03-31,FAILED
563,1392,DELETE,1.2365,3.65,12.4,2026-01-04,TIMEOUT
564,623,INSERT,0.9748,9.24,37.66,2026-01-25,SUCCESS
565,530,UPDATE,1.6146,14.84,5.32,2026-08-04,SUCCESS
567,871,SELECT,1.5357,8.23,13.63,2026-02-13,SUCCESS
568,1118,ANALYZE,0.2979,30.09,16.88,2026-04-24,SUCCESS
569,277,JOIN,0.6746,13.59,48.79,2026-01-22,SUCCESS
572,1338,ANALYZE,2.1472,5.42,14.28,2026-04-04,SUCCESS
573,1403,INSERT,1.546,19.76,9.42,2026-08-02,FAILED
574,761,SELECT,0.7399,3.63,5.75,2026-08-04,TIMEOUT
575,952,JOIN,1.4705,16.82,37.49,2026-01-19,SUCCESS
576,951,SELECT,1.9649,34.84,7.35,2026-01-15,SUCCESS
577,254,ANALYZE,2.2201,10.57,52.78,2026-04-17,SUCCESS
578,1461,INSERT,1.6556,30.6,22.12,2026-03-28,SUCCESS
579,1974,JOIN,0.3701,4.97,6.66,2026-01-04,SUCCESS
580,486,CREATE INDEX,0.5861,10.63,35.07,2026-12-02,SUCCESS
581,174,SELECT,1.4398,27.42,15.64,2026-10-01,SUCCESS
582,506,ANALYZE,0.5519,30.06,13.07,2026-03-19,SUCCESS
583,465,INSERT,0.1155,0.46,8.84,2026-04-04,ERROR
584,723,DELETE,2.0349,27.95,17.18,2026-04-24,SUCCESS
585,737,ANALYZE,1.3524,20.45,5.01,2026-11-03,SUCCESS
586,1298,INSERT,1.8529,7.61,46.73,2026-04-02,SUCCESS
588,1661,INSERT,0.2459,27.21,28.64,2026-04-23,SUCCESS
589,1034,CREATE INDEX,0.9267,10.47,25.62,2026-02-26,SUCCESS
590,1744,ANALYZE,0.0588,0.62,21.63,2026-04-19,SUCCESS
591,2000,ANALYZE,1.5743,31.19,43.72,2026-03-23,SUCCESS
592,199,SELECT,1.4515,32.92,8.86,2026-10-04,SUCCESS
593,1312,UPDATE,0.3123,22.07,22.08,2026-03-04,SUCCESS
594,685,CREATE INDEX,1.4232,25.65,49.76,2026-03-02,TIMEOUT
595,622,INSERT,0.8992,23.36,41.38,2026-02-22,SUCCESS
596,531,SELECT,1.3619,7.92,30.44,2026-09-04,SUCCESS
597,500,JOIN,0.7581,22.19,46.07,2026-04-29,SUCCESS
599,711,JOIN,2.0926,28.1,42.36,2026-09-04,SUCCESS
601,760,UPDATE,2.3669,2.58,55.6,2026-03-19,SUCCESS
602,1772,INSERT,2.3284,34.47,53.03,2026-01-04,TIMEOUT
603,718,SELECT,1.5695,16.87,19.87,2026-01-23,FAILED
605,1515,DELETE,2.2103,4.54,43.27,2026-09-04,FAILED
606,54,JOIN,1.1841,28.52,55.55,2026-06-03,SUCCESS
607,1360,CREATE INDEX,2.1095,29.99,24.24,2026-01-30,SUCCESS
608,254,INSERT,2.0307,11.95,51.56,2026-04-28,TIMEOUT
609,1561,INSERT,1.4329,17.64,41.74,2026-02-26,SUCCESS
610,783,UPDATE,2.1657,13.24,25.2,2026-02-28,SUCCESS
611,334,CREATE INDEX,1.0886,16.4,9.69,2026-02-26,SUCCESS
612,1771,DELETE,0.1775,4.95,25.44,2026-08-01,SUCCESS
615,54,SELECT,1.3269,7.2,31.38,2026-03-19,SUCCESS
616,1143,SELECT,1.8316,20.1,39.71,2026-09-01,TIMEOUT
618,83,UPDATE,0.2812,18.92,25.2,2026-04-04,SUCCESS
619,236,SELECT,2.4238,15.32,55.29,2026-01-26,SUCCESS
620,580,UPDATE,0.2067,6.92,29.89,2026-01-21,SUCCESS
621,55,INSERT,0.3494,27.31,7.61,2026-04-20,SUCCESS
622,923,INSERT,1.1839,1.05,35.37,2026-02-03,SUCCESS
623,1150,ANALYZE,2.1165,5.43,37.28,2026-01-27,SUCCESS
624,306,SELECT,0.9956,1.14,15.67,2026-02-01,FAILED
626,1019,SELECT,0.961,15.65,6.58,2026-02-28,TIMEOUT
628,938,DELETE,0.109,0.9,9.36,2026-01-15,FAILED
630,252,DELETE,2.24,7.5,27.72,2026-03-04,SUCCESS
631,518,UPDATE,1.1923,23.47,28.61,2026-01-23,SUCCESS
632,82,UPDATE,0.4351,2.7,32.24,2026-03-31,SUCCESS
633,1184,ANALYZE,1.653,17.47,18.91,2026-02-18,FAILED
634,1701,DELETE,0.6004,24.85,33.68,2026-07-04,SUCCESS
636,871,CREATE INDEX,0.2543,0.8,42.23,2026-12-01,SUCCESS
637,107,UPDATE,0.8869,13.88,17.96,2026-07-04,SUCCESS
639,757,SELECT,1.0965,12.82,42.4,2026-01-05,SUCCESS
640,1095,SELECT,1.2604,10.7,11.86,2026-02-16,FAILED
642,1574,JOIN,1.006,32.61,20.01,2026-08-01,SUCCESS
643,1019,UPDATE,0.1018,3.77,28.12,2026-01-03,SUCCESS
644,375,ANALYZE,0.927,1.76,10.26,2026-03-26,TIMEOUT
645,1507,SELECT,1.9513,16.88,50.76,2026-04-22,SUCCESS
646,1483,SELECT,1.9744,12.65,10.41,2026-04-20,SUCCESS
647,319,CREATE INDEX,0.661,11.83,17.86,2026-11-03,FAILED
648,1991,JOIN,0.337,20.25,5.65,2026-01-05,SUCCESS
649,991,CREATE INDEX,2.2903,19.7,19.13,2026-08-01,SUCCESS
650,79,UPDATE,0.6371,30.07,29.95,2026-03-29,SUCCESS
651,1309,SELECT,0.8898,15.81,50.47,2026-01-01,SUCCESS
652,412,ANALYZE,2.4864,29.38,9.91,2026-02-01,SUCCESS
653,1445,ANALYZE,0.5173,26.4,57.9,2026-01-30,FAILED
654,1573,DELETE,0.1004,22.85,59.66,2026-03-02,SUCCESS
655,194,JOIN,0.0885,0.14,3.32,2026-03-31,ERROR
656,1624,UPDATE,0.0637,21.95,56.56,2026-07-04,SUCCESS
657,1438,INSERT,1.3791,34.79,38.45,2026-05-04,TIMEOUT
658,1572,DELETE,1.0815,10.46,28.78,2026-07-04,SUCCESS
660,102,UPDATE,0.3651,11.66,23.68,2026-03-01,FAILED
661,320,JOIN,2.0349,10.95,45.08,2026-01-04,SUCCESS
664,211,DELETE,0.6379,9.49,14.65,2026-02-25,SUCCESS
665,416,JOIN,1.8573,13.62,34.48,2026-02-01,SUCCESS
667,1017,UPDATE,0.2344,27.4,30.96,2026-04-22,FAILED
668,1851,CREATE INDEX,0.7446,27.22,51.65,2026-02-18,FAILED
669,899,DELETE,0.9335,7.84,48.59,2026-04-30,FAILED
670,1496,CREATE INDEX,0.8677,2.67,27.17,2026-03-29,SUCCESS
674,1297,SELECT,2.1742,34.45,13.42,2026-03-29,SUCCESS
676,1543,SELECT,1.7532,12.68,59.26,2026-02-02,SUCCESS
677,1996,INSERT,0.6276,1.43,47.89,2026-01-25,SUCCESS
678,1049,INSERT,1.0969,23.77,43.65,2026-02-27,SUCCESS
680,438,CREATE INDEX,0.3954,17.28,50.74,2026-01-05,SUCCESS
681,725,DELETE,0.0465,1.2,8.96,2026-12-02,ERROR
682,1825,ANALYZE,1.525,11.46,35.56,2026-10-04,SUCCESS
683,1730,UPDATE,1.1395,6.53,48.38,2026-04-20,SUCCESS
684,985,UPDATE,1.1778,18.03,54.24,2026-01-15,SUCCESS
685,1122,ANALYZE,2.0301,4.31,42.34,2026-05-01,SUCCESS
686,1654,INSERT,1.7024,22.07,11.87,2026-04-27,SUCCESS
688,701,INSERT,0.595,5.76,36.59,2026-03-03,SUCCESS
689,656,DELETE,2.2304,24.38,40.48,2026-02-02,FAILED
690,1578,INSERT,1.8112,6.0,33.49,2026-03-27,FAILED
691,1286,JOIN,0.186,2.06,32.69,2026-01-14,SUCCESS
692,244,UPDATE,1.4568,28.39,24.98,2026-07-01,TIMEOUT
693,946,CREATE INDEX,0.016,1.63,2.6,2026-01-24,FAILED
694,1195,SELECT,0.5921,19.49,57.66,2026-07-01,TIMEOUT
695,181,INSERT,1.3674,34.74,21.51,2026-08-03,SUCCESS
696,1386,CREATE INDEX,1.2782,12.2,26.58,2026-03-18,SUCCESS
697,1348,DELETE,2.4162,25.33,43.0,2026-04-01,TIMEOUT
699,1795,CREATE INDEX,1.8071,11.42,25.34,2026-02-13,SUCCESS
700,1664,DELETE,1.6385,34.59,49.66,2026-12-02,SUCCESS
701,1639,ANALYZE,1.0439,5.04,25.16,2026-07-02,FAILED
702,476,INSERT,0.6461,17.72,23.75,2026-02-14,SUCCESS
703,464,SELECT,2.2418,27.63,37.96,2026-07-03,FAILED
704,318,SELECT,2.1954,22.19,11.22,2026-04-27,SUCCESS
705,746,JOIN,1.6063,20.07,57.18,2026-03-30,SUCCESS
706,1622,CREATE INDEX,0.0812,1.19,14.5,2026-07-04,FAILED
707,1819,UPDATE,1.9249,14.79,58.45,2026-02-01,SUCCESS
708,174,SELECT,1.5851,20.08,35.14,2026-12-02,SUCCESS
709,1675,JOIN,0.9388,5.59,36.53,2026-01-17,TIMEOUT
710,1670,ANALYZE,2.3424,9.82,7.27,2026-11-02,TIMEOUT
712,1793,ANALYZE,1.7806,11.65,11.46,2026-04-14,TIMEOUT
713,1936,UPDATE,1.1838,6.42,45.78,2026-03-31,SUCCESS
714,710,DELETE,0.2469,2.46,42.61,2026-11-01,SUCCESS
716,535,JOIN,0.2631,29.81,19.62,2026-03-03,SUCCESS
717,770,ANALYZE,1.4906,8.48,44.22,2026-05-01,SUCCESS
718,1526,CREATE INDEX,1.0755,4.94,33.63,2026-01-01,SUCCESS
719,1130,SELECT,0.3657,23.78,31.35,2026-08-02,SUCCESS
720,593,SELECT,0.0399,0.73,1.51,2026-04-04,FAILED
722,1014,JOIN,0.1258,0.23,11.15,2026-01-21,ERROR
723,115,UPDATE,1.5687,34.58,59.5,2026-02-27,TIMEOUT
727,227,ANALYZE,0.1247,1.3,11.42,2026-01-31,FAILED
728,904,INSERT,0.2719,26.41,21.64,2026-04-29,SUCCESS
729,1305,INSERT,2.4416,9.78,6.34,2026-04-16,PENDING
730,875,CREATE INDEX,1.9431,24.82,6.22,2026-03-30,SUCCESS
731,1220,CREATE INDEX,0.736,12.39,51.64,2026-10-02,SUCCESS
732,1877,SELECT,1.348,18.82,49.81,2026-12-01,SUCCESS
733,1004,INSERT,0.3674,12.71,15.82,2026-03-02,SUCCESS
734,131,CREATE INDEX,1.717,20.05,16.72,2026-02-25,SUCCESS
735,866,JOIN,2.2991,13.57,34.32,2026-03-19,SUCCESS
736,530,INSERT,0.9712,4.16,16.06,2026-01-01,SUCCESS
737,1741,DELETE,1.0241,16.95,57.85,2026-02-01,SUCCESS
738,1161,SELECT,0.4598,14.07,32.31,2026-03-13,SUCCESS
739,738,JOIN,1.6961,26.1,34.03,2026-02-23,TIMEOUT
740,911,SELECT,0.7432,4.12,45.73,2026-03-18,SUCCESS
741,1103,SELECT,0.6235,6.61,55.87,2026-02-16,FAILED
742,1387,DELETE,0.5476,22.01,43.19,2026-07-01,SUCCESS
743,1592,DELETE,0.0267,23.89,43.36,2026-03-16,SUCCESS
744,1747,SELECT,0.6714,5.49,23.17,2026-09-01,TIMEOUT
745,124,ANALYZE,0.0884,1.91,12.13,2026-04-15,ERROR
746,406,INSERT,1.1698,9.41,18.01,2026-03-20,FAILED
747,1568,JOIN,0.7671,26.61,50.13,2026-01-01,SUCCESS
748,820,INSERT,0.6718,27.28,7.74,2026-04-23,SUCCESS
749,452,ANALYZE,1.74,31.63,44.8,2026-04-25,FAILED
752,1471,ANALYZE,0.014,1.57,12.69,2026-01-22,FAILED
753,241,INSERT,1.2515,33.12,24.88,2026-01-16,SUCCESS
754,1042,SELECT,1.8803,11.97,52.84,2026-02-02,FAILED
755,1937,UPDATE,1.5506,10.31,20.75,2026-06-04,SUCCESS
756,1150,SELECT,0.053,1.28,33.91,2026-01-20,SUCCESS
758,99,CREATE INDEX,0.0286,0.74,5.77,2026-12-03,FAILED
759,1284,CREATE INDEX,0.8107,28.59,33.13,2026-02-03,FAILED
761,1972,UPDATE,2.1832,0.51,58.75,2026-01-30,SUCCESS
762,187,JOIN,0.1217,0.18,1.44,2026-03-22,FAILED
763,887,ANALYZE,2.1894,29.11,16.85,2026-03-21,SUCCESS
764,1845,UPDATE,1.8649,33.07,25.39,2026-03-19,SUCCESS
766,758,ANALYZE,0.064,19.35,22.66,2026-12-01,TIMEOUT
767,769,UPDATE,2.2463,24.41,28.05,2026-08-03,SUCCESS
768,652,UPDATE,1.2362,27.57,58.45,2026-04-21,SUCCESS
769,1709,UPDATE,0.3567,6.39,38.98,2026-03-21,FAILED
771,503,CREATE INDEX,1.4523,31.18,17.78,2026-01-21,TIMEOUT
772,685,SELECT,2.136,17.67,34.92,2026-04-25,SUCCESS
773,1645,DELETE,2.4971,29.03,37.05,2026-01-21,SUCCESS
774,1052,CREATE INDEX,1.9077,15.72,18.76,2026-02-24,FAILED
775,357,SELECT,1.5696,25.52,50.52,2026-02-03,TIMEOUT
776,567,ANALYZE,0.1076,8.62,10.83,2026-04-01,FAILED
777,293,UPDATE,0.864,11.41,25.82,2026-02-16,FAILED
778,1052,DELETE,0.0159,14.41,59.77,2026-08-01,SUCCESS
780,1659,DELETE,2.4779,16.49,46.58,2026-04-18,SUCCESS
781,347,ANALYZE,1.313,10.87,18.63,2026-02-14,SUCCESS
782,1761,CREATE INDEX,2.1507,21.81,54.28,2026-06-04,SUCCESS
784,55,DELETE,0.0773,9.75,43.26,2026-01-18,TIMEOUT
785,849,ANALYZE,0.5745,19.31,54.9,2026-04-22,FAILED
786,874,INSERT,1.7182,30.6,43.19,2026-01-26,TIMEOUT
787,1628,ANALYZE,1.663,1.0,11.63,2026-02-22,TIMEOUT
788,51,ANALYZE,1.8908,20.44,22.77,2026-02-14,FAILED
789,1271,SELECT,1.9862,28.12,53.04,2026-03-18,SUCCESS
791,228,CREATE INDEX,0.1613,11.35,22.37,2026-02-20,SUCCESS
792,1248,ANALYZE,0.6909,17.89,7.68,2026-09-01,SUCCESS
793,1938,UPDATE,0.9268,10.35,57.78,2026-12-04,SUCCESS
794,808,DELETE,1.8517,23.71,56.14,2026-04-18,SUCCESS
795,1654,ANALYZE,0.1749,30.5,11.31,2026-03-03,FAILED
797,1217,DELETE,0.0301,0.75,1.46,2026-04-21,FAILED
798,247,INSERT,0.0673,0.65,7.28,2026-01-25,FAILED
799,422,ANALYZE,0.8342,27.49,59.19,2026-06-04,SUCCESS
800,605,DELETE,1.0165,34.7,9.02,2026-03-18,SUCCESS
801,1408,ANALYZE,1.21,31.06,51.38,2026-05-01,SUCCESS
802,1109,ANALYZE,2.4376,27.09,47.87,2026-01-05,SUCCESS
803,1154,DELETE,1.0121,27.5,51.21,2026-04-18,SUCCESS
804,790,ANALYZE,2.2837,25.62,48.62,2026-05-01,FAILED
805,618,JOIN,0.7328,27.66,11.42,2026-09-03,SUCCESS
806,49,JOIN,1.6722,27.27,58.57,2026-03-23,SUCCESS
808,912,ANALYZE,0.1229,0.16,5.18,2026-03-24,ERROR
809,1297,JOIN,0.1288,0.19,14.42,2026-05-02,ERROR
810,1263,JOIN,0.5088,18.69,24.04,2026-04-26,SUCCESS
811,562,ANALYZE,0.8331,31.2,17.0,2026-10-04,FAILED
812,381,DELETE,2.4044,24.12,50.38,2026-02-13,FAILED
813,1217,DELETE,0.9356,24.58,58.62,2026-04-17,SUCCESS
814,1807,UPDATE,0.9039,24.78,26.52,2026-02-01,TIMEOUT
815,63,UPDATE,0.373,15.83,5.85,2026-02-27,SUCCESS
816,672,DELETE,2.0529,31.7,46.47,2026-02-18,SUCCESS
817,810,INSERT,0.125,1.71,12.32,2026-03-28,ERROR
819,100,SELECT,1.9133,30.12,30.15,2026-01-25,FAILED
820,1186,JOIN,0.0861,21.61,11.85,2026-07-04,SUCCESS
821,314,CREATE INDEX,0.0308,28.92,59.95,2026-02-14,SUCCESS
822,1677,SELECT,0.873,5.18,35.11,2026-01-23,SUCCESS
823,221,ANALYZE,1.3448,0.93,27.96,2026-01-26,TIMEOUT
824,434,UPDATE,2.4698,34.16,11.93,2026-10-04,SUCCESS
826,1444,UPDATE,0.373,22.4,51.03,2026-01-15,SUCCESS
827,307,UPDATE,0.3434,3.82,54.21,2026-04-28,SUCCESS
828,1230,JOIN,0.8421,16.25,38.09,2026-01-30,SUCCESS
829,145,SELECT,0.1236,0.61,4.73,2026-11-02,ERROR
830,1439,JOIN,0.5677,16.26,51.81,2026-04-18,SUCCESS
831,1656,SELECT,0.212,24.77,41.52,2026-02-25,SUCCESS
832,751,UPDATE,0.6509,19.09,18.34,2026-12-04,SUCCESS
833,1538,UPDATE,2.3175,29.57,54.19,2026-04-22,TIMEOUT
834,477,JOIN,1.9667,6.2,25.03,2026-03-24,FAILED
835,1715,CREATE INDEX,1.979,23.55,44.19,2026-03-31,SUCCESS
836,1468,UPDATE,0.5022,33.61,59.7,2026-07-03,SUCCESS
837,1705,JOIN,2.4937,30.86,40.24,2026-02-23,SUCCESS
840,907,SELECT,0.8445,23.9,45.21,2026-02-04,SUCCESS
841,1518,DELETE,0.9502,25.15,17.14,2026-03-24,SUCCESS
842,924,UPDATE,0.1742,19.13,11.59,2026-09-01,SUCCESS
843,937,INSERT,2.3756,10.72,36.61,2026-06-03,FAILED
844,994,ANALYZE,0.2864,4.22,32.65,2026-01-15,TIMEOUT
847,979,DELETE,2.2879,10.61,31.02,2026-01-24,SUCCESS
850,61,ANALYZE,0.1851,30.89,45.16,2026-03-14,SUCCESS
851,320,INSERT,0.6012,16.65,29.19,2026-01-20,SUCCESS
855,934,ALTER TABLE,1.0336,13.73,47.79,2026-03-01,SUCCESS
856,1254,DELETE,1.2975,30.93,45.36,2026-03-27,SUCCESS
857,63,DELETE,0.1461,1.39,9.58,2026-03-18,FAILED
859,1966,DELETE,1.5103,1.79,10.13,2026-09-04,FAILED
860,1808,DELETE,0.5793,27.85,29.75,2026-04-14,TIMEOUT
862,707,ANALYZE,2.2601,23.22,16.2,2026-02-24,SUCCESS
863,1124,JOIN,0.9176,25.7,32.84,2026-04-26,FAILED
864,716,ANALYZE,0.7985,22.8,52.49,2026-05-04,SUCCESS
865,1560,ANALYZE,2.445,26.25,46.54,2026-02-26,SUCCESS
866,1725,INSERT,0.3217,11.14,42.2,2026-03-19,SUCCESS
868,330,ANALYZE,2.3746,14.83,30.26,2026-04-13,SUCCESS
870,191,ANALYZE,0.0705,0.77,3.76,2026-02-21,FAILED
871,1908,UPDATE,0.0289,1.95,4.8,2026-01-14,FAILED
872,26,UPDATE,1.0633,17.32,28.38,2026-04-13,SUCCESS
873,39,INSERT,2.4589,20.93,57.83,2026-02-14,FAILED
874,1833,SELECT,0.3207,7.88,27.08,2026-01-31,TIMEOUT
875,1520,DELETE,1.1844,8.48,48.58,2026-01-12,PENDING
876,244,SELECT,1.4248,21.72,37.6,2026-02-23,SUCCESS
877,51,DELETE,0.015,0.54,4.7,2026-12-03,FAILED
879,1681,CREATE INDEX,2.4875,32.88,48.53,2026-11-04,FAILED
881,946,SELECT,0.2967,17.09,13.89,2026-01-25,SUCCESS
882,594,INSERT,1.6956,10.45,13.92,2026-02-14,SUCCESS
883,845,INSERT,0.8593,31.18,49.92,2026-01-13,FAILED
884,1525,INSERT,0.1303,0.51,4.57,2026-02-22,ERROR
885,1901,ANALYZE,0.6943,33.7,43.99,2026-08-04,TIMEOUT
886,1836,SELECT,0.2511,34.49,54.78,2026-01-04,SUCCESS
888,990,CREATE INDEX,0.6752,3.98,33.97,2026-01-14,SUCCESS
889,1231,DELETE,0.4916,21.98,27.06,2026-03-26,SUCCESS
890,128,UPDATE,0.0189,0.37,2.39,2026-03-18,ERROR
892,1950,SELECT,2.1018,5.1,34.78,2026-02-07,SUCCESS
893,459,ANALYZE,0.0533,0.28,11.87,2026-03-28,ERROR
894,1023,DELETE,1.7086,22.45,26.23,2026-01-02,SUCCESS
895,382,SELECT,0.1966,9.62,58.52,2026-02-18,SUCCESS
896,177,SELECT,2.3054,12.61,53.61,2026-04-24,TIMEOUT
897,1984,UPDATE,1.158,29.8,38.26,2026-04-23,FAILED
899,65,ANALYZE,1.967,2.78,56.75,2026-03-19,SUCCESS
901,720,SELECT,0.5394,6.95,40.0,2026-03-14,SUCCESS
902,115,CREATE INDEX,1.0627,10.61,32.18,2026-02-04,TIMEOUT
903,1326,SELECT,2.4197,17.5,43.61,2026-02-21,TIMEOUT
905,1570,INSERT,1.6513,2.12,25.7,2026-01-30,SUCCESS
906,1431,DELETE,0.1418,0.75,5.33,2026-04-20,FAILED
907,1195,DELETE,0.4664,30.47,38.29,2026-02-13,SUCCESS
908,502,INSERT,0.1277,1.36,3.63,2026-01-01,ERROR
909,440,JOIN,1.1407,5.69,5.02,2026-04-28,SUCCESS
910,467,INSERT,2.2296,19.48,47.72,2026-04-14,SUCCESS
912,691,JOIN,0.3069,33.58,48.86,2026-04-29,SUCCESS
915,363,JOIN,0.4803,6.8,59.91,2026-03-19,SUCCESS
916,75,JOIN,0.5677,6.28,42.42,2026-02-04,SUCCESS
917,349,SELECT,1.3421,29.32,24.6,2026-12-03,SUCCESS
918,907,DELETE,1.9586,11.37,18.79,2026-02-17,SUCCESS
920,1786,UPDATE,1.7793,12.06,36.77,2026-01-29,SUCCESS
922,832,UPDATE,1.7267,19.33,18.43,2026-04-23,SUCCESS
923,1564,CREATE INDEX,1.5787,10.48,6.73,2026-01-14,TIMEOUT
924,293,UPDATE,0.7608,18.13,6.58,2026-04-19,SUCCESS
925,629,INSERT,0.3809,22.73,24.79,2026-05-04,SUCCESS
926,1687,SELECT,0.7126,11.3,23.91,2026-04-20,PENDING
927,1667,ANALYZE,2.3629,11.43,24.27,2026-01-18,SUCCESS
928,132,ANALYZE,2.3414,3.23,59.53,2026-01-28,FAILED
929,1722,SELECT,1.8008,14.75,42.87,2026-01-19,SUCCESS
930,1664,UPDATE,2.0046,6.17,51.94,2026-02-27,SUCCESS
932,132,DELETE,0.0393,0.65,4.42,2026-03-02,ERROR
933,642,UPDATE,1.3488,25.5,26.87,2026-02-23,SUCCESS
934,1673,SELECT,0.5199,4.58,35.42,2026-04-20,SUCCESS
935,1413,DELETE,0.403,31.23,36.19,2026-01-30,TIMEOUT
936,1725,INSERT,0.3424,22.85,18.74,2026-04-20,SUCCESS
937,285,SELECT,0.1362,1.83,9.74,2026-03-18,FAILED
939,815,JOIN,2.1775,12.93,38.32,2026-02-16,SUCCESS
943,1892,SELECT,2.2918,11.81,57.79,2026-01-20,SUCCESS
944,1161,CREATE INDEX,0.1064,0.31,6.89,2026-09-03,FAILED
945,1319,CREATE INDEX,1.6245,8.28,48.51,2026-01-14,TIMEOUT
948,311,UPDATE,1.2961,4.66,29.7,2026-01-01,SUCCESS
949,1251,UPDATE,2.4578,12.48,59.3,2026-01-30,SUCCESS
950,802,SELECT,1.3844,25.15,46.42,2026-12-02,SUCCESS
951,553,JOIN,0.3007,20.24,15.38,2026-02-16,TIMEOUT
952,898,INSERT,0.0427,0.22,8.9,2026-01-22,FAILED
953,1176,JOIN,1.2526,26.48,9.96,2026-07-02,SUCCESS
954,1195,DELETE,0.6149,17.59,24.19,2026-10-03,TIMEOUT
955,421,JOIN,1.9802,24.72,50.9,2026-05-04,SUCCESS
956,569,SELECT,1.3274,20.63,13.93,2026-04-22,SUCCESS
957,340,CREATE INDEX,2.3233,30.77,12.39,2026-01-20,TIMEOUT
959,902,UPDATE,1.1969,5.25,41.05,2026-01-01,SUCCESS
960,881,INSERT,1.0373,34.64,19.34,2026-08-02,SUCCESS
961,71,INSERT,0.4619,19.19,48.39,2026-03-17,FAILED
962,1837,UPDATE,0.8976,24.58,29.32,2026-05-04,SUCCESS
964,947,DELETE,0.0858,1.71,8.58,2026-01-01,FAILED
966,1859,DELETE,2.0352,31.74,49.31,2026-06-01,FAILED
967,1682,INSERT,1.019,15.25,27.35,2026-03-31,SUCCESS
968,446,INSERT,1.1279,21.6,30.56,2026-04-27,TIMEOUT
970,968,INSERT,0.1593,34.72,40.79,2026-01-30,FAILED
971,1970,INSERT,0.3082,2.99,53.6,2026-04-14,SUCCESS
972,1559,SELECT,0.9353,13.9,22.54,2026-12-02,SUCCESS
974,1695,JOIN,1.7495,24.2,27.7,2026-01-21,SUCCESS
977,223,CREATE INDEX,0.7109,23.67,39.23,2026-12-01,SUCCESS
978,1356,JOIN,1.8916,30.86,46.64,2026-06-02,SUCCESS
979,859,SELECT,2.1324,20.89,48.58,2026-02-02,SUCCESS
980,236,CREATE INDEX,0.9597,11.13,38.67,2026-02-26,SUCCESS
981,1456,UPDATE,0.0955,0.59,3.8,2026-03-01,FAILED
982,438,ANALYZE,0.3203,24.55,15.52,2026-03-24,TIMEOUT
983,641,CREATE INDEX,1.755,12.44,14.73,2026-03-16,TIMEOUT
984,791,UPDATE,0.6722,14.56,7.51,2026-09-01,SUCCESS
985,102,INSERT,0.595,7.07,51.55,2026-04-18,TIMEOUT
986,145,UPDATE,1.2374,24.15,53.93,2026-04-15,SUCCESS
988,41,INSERT,1.0089,10.54,18.22,2026-03-01,TIMEOUT
989,1727,DELETE,1.2333,19.75,17.74,2026-01-13,SUCCESS
990,994,CREATE INDEX,0.1436,15.44,48.61,2026-11-03,SUCCESS
991,855,ANALYZE,0.9584,25.44,50.19,2026-03-18,TIMEOUT
992,956,INSERT,0.4485,34.95,8.58,2026-03-29,TIMEOUT
993,1141,CREATE INDEX,0.0453,15.81,15.06,2026-08-02,TIMEOUT
994,189,INSERT,0.4615,31.04,30.69,2026-08-03,SUCCESS
995,825,UPDATE,1.8375,16.18,32.86,2026-04-03,SUCCESS
996,581,UPDATE,0.3301,10.29,50.1,2026-02-21,FAILED
998,1605,DELETE,0.4118,28.12,54.31,2026-05-01,FAILED
1000,1290,CREATE INDEX,2.4748,10.57,28.0,2026-01-16,TIMEOUT
1001,1073,INSERT,1.6342,15.96,28.37,2026-02-22,SUCCESS
1002,214,CREATE INDEX,0.9051,32.06,34.31,2026-02-28,FAILED
1003,774,JOIN,0.085,0.55,10.07,2026-01-02,FAILED
1004,1728,CREATE INDEX,1.2924,19.28,10.01,2026-12-04,SUCCESS
1008,98,CREATE INDEX,0.1679,12.41,36.08,2026-02-03,FAILED
1009,1143,SELECT,0.011,1.77,7.83,2026-02-01,FAILED
1010,1046,ANALYZE,1.2714,18.36,15.04,2026-04-30,SUCCESS
1013,1606,JOIN,2.3892,1.38,49.12,2026-12-03,TIMEOUT
1014,1493,SELECT,0.29,6.32,13.57,2026-01-22,TIMEOUT
1015,175,DELETE,0.0568,13.51,56.09,2026-04-15,SUCCESS
1016,1379,CREATE INDEX,0.6364,12.71,39.59,2026-05-04,SUCCESS
1018,741,DELETE,2.4156,20.96,18.76,2026-02-20,SUCCESS
1019,1404,DELETE,0.588,4.61,31.19,2026-02-01,SUCCESS
1021,89,ANALYZE,1.3707,4.44,6.51,2026-10-03,SUCCESS
1022,787,JOIN,0.1378,1.92,9.12,2026-02-03,FAILED
1023,38,UPDATE,2.0518,32.08,47.86,2026-04-19,SUCCESS
1024,507,DELETE,0.8747,23.24,52.87,2026-04-28,SUCCESS
1026,249,SELECT,2.0903,12.99,49.11,2026-09-01,FAILED
1027,1160,SELECT,1.5463,23.55,30.07,2026-01-01,FAILED
1028,293,SELECT,1.2537,22.23,48.58,2026-01-29,SUCCESS
1029,1482,SELECT,1.6059,30.08,50.88,2026-03-01,SUCCESS
1032,24,INSERT,1.2169,16.31,59.24,2026-02-24,TIMEOUT
1033,203,DELETE,0.0393,29.4,16.64,2026-03-13,TIMEOUT
1034,237,INSERT,2.3794,17.74,5.31,2026-03-15,TIMEOUT
1035,155,JOIN,0.873,23.65,36.94,2026-06-03,SUCCESS
1036,831,ANALYZE,0.8329,12.21,9.1,2026-04-15,SUCCESS
1037,284,UPDATE,1.0756,10.4,14.15,2026-02-01,SUCCESS
1038,618,ANALYZE,1.2886,7.55,29.78,2026-01-29,SUCCESS
1039,256,INSERT,2.4766,25.4,33.88,2026-04-04,TIMEOUT
1040,150,JOIN,1.3673,28.63,23.31,2026-09-03,SUCCESS
1041,1045,INSERT,0.0574,0.14,2.66,2026-01-28,ERROR
1043,1539,JOIN,0.0164,1.59,3.31,2026-01-03,ERROR
1044,507,ANALYZE,0.0324,1.52,2.74,2026-03-20,ERROR
1046,1361,UPDATE,1.6946,32.54,47.44,2026-10-01,TIMEOUT
1047,1361,SELECT,1.894,13.01,43.33,2026-04-17,SUCCESS
1048,1905,UPDATE,1.4249,23.1,40.12,2026-04-23,TIMEOUT
1049,489,INSERT,1.9139,2.07,10.19,2026-04-20,SUCCESS
1052,791,DELETE,1.2386,24.63,38.31,2026-06-02,SUCCESS
1053,269,DELETE,2.0629,25.29,16.27,2026-06-04,TIMEOUT
1054,274,DELETE,0.2035,33.32,26.22,2026-04-22,SUCCESS
1055,899,UPDATE,1.6166,4.4,47.62,2026-04-16,SUCCESS
1058,18,DELETE,0.5202,31.17,48.6,2026-04-22,SUCCESS
1059,532,ANALYZE,2.0883,11.91,41.68,2026-02-23,TIMEOUT
1060,1233,JOIN,2.1062,22.77,11.44,2026-12-01,TIMEOUT
1061,88,UPDATE,0.0221,1.86,12.03,2026-08-02,ERROR
1062,364,JOIN,0.7373,2.96,22.73,2026-03-22,SUCCESS
1063,1264,INSERT,2.0273,3.72,43.44,2026-01-14,SUCCESS
1064,570,INSERT,1.4829,22.48,11.12,2026-04-25,SUCCESS
1065,495,ANALYZE,1.4497,19.2,38.68,2026-01-05,TIMEOUT
1066,1739,DELETE,1.0901,1.64,58.83,2026-02-21,FAILED
1067,844,CREATE INDEX,0.0847,0.93,12.79,2026-01-14,FAILED
1068,1507,CREATE INDEX,0.1997,2.69,31.9,2026-01-23,SUCCESS
1069,549,SELECT,2.4382,12.44,16.2,2026-04-25,SUCCESS
1070,1950,DELETE,0.6679,31.22,12.94,2026-02-15,SUCCESS
1071,234,CREATE INDEX,1.9408,7.58,37.08,2026-01-05,SUCCESS
1072,903,UPDATE,0.6482,24.54,56.66,2026-03-17,SUCCESS
1073,1520,UPDATE,1.4318,21.95,37.13,2026-01-13,TIMEOUT
1074,1567,DELETE,2.1381,24.47,29.21,2026-12-03,SUCCESS
1075,1769,DELETE,0.0584,1.82,12.07,2026-02-24,ERROR
1076,1455,UPDATE,0.8758,22.97,39.84,2026-01-21,SUCCESS
1078,105,CREATE INDEX,1.6702,25.12,7.72,2026-04-03,SUCCESS
1079,1511,JOIN,0.0457,13.3,19.32,2026-01-02,SUCCESS
1081,1117,ANALYZE,0.0297,11.5,55.26,2026-02-23,SUCCESS
1082,1234,DELETE,0.3619,30.02,12.92,2026-04-03,SUCCESS
1083,1383,DELETE,0.1042,30.97,45.0,2026-02-27,SUCCESS
1084,1730,DELETE,0.1157,8.61,33.51,2026-02-20,SUCCESS
1085,371,SELECT,0.2399,12.96,34.06,2026-10-02,SUCCESS
1086,1390,ANALYZE,1.5147,5.34,37.02,2026-04-21,SUCCESS
1087,1577,DELETE,1.505,31.6,17.87,2026-09-03,SUCCESS
1088,256,ANALYZE,0.2126,10.34,7.61,2026-03-24,SUCCESS
1089,43,UPDATE,2.4955,25.83,49.7,2026-04-22,SUCCESS
1090,359,SELECT,2.0603,24.66,57.42,2026-12-01,SUCCESS
1091,370,JOIN,1.0801,24.99,29.47,2026-04-19,SUCCESS
1094,1266,CREATE INDEX,1.7603,28.87,57.71,2026-03-02,SUCCESS
1095,153,SELECT,0.7637,22.68,44.5,2026-02-19,SUCCESS
1096,377,INSERT,1.9058,6.43,39.16,2026-04-27,SUCCESS
1097,1496,ANALYZE,1.7187,28.46,44.21,2026-03-23,SUCCESS
1100,491,INSERT,1.5771,32.58,20.69,2026-03-20,SUCCESS
1101,810,UPDATE,1.6606,6.84,32.57,2026-01-26,SUCCESS
1103,650,DELETE,1.2889,4.66,37.61,2026-07-01,SUCCESS
1104,890,DELETE,0.6974,9.6,53.82,2026-02-15,SUCCESS
1105,1346,INSERT,0.2735,16.1,54.51,2026-05-02,SUCCESS
1106,244,INSERT,1.5356,12.78,25.24,2026-09-01,TIMEOUT
1107,1128,ANALYZE,0.6052,17.14,48.77,2026-01-29,SUCCESS
1108,1980,SELECT,0.2347,15.83,26.28,2026-02-21,FAILED
1110,567,DELETE,0.9776,2.15,23.98,2026-01-02,TIMEOUT
1111,1986,JOIN,0.0756,1.37,7.47,2026-01-28,FAILED
1112,1342,CREATE INDEX,2.1467,33.13,47.22,2026-05-03,TIMEOUT
1113,803,SELECT,0.69,8.64,14.93,2026-03-28,SUCCESS
1115,292,SELECT,1.5734,25.02,32.01,2026-03-19,FAILED
1116,659,CREATE INDEX,0.93,21.83,14.4,2026-08-04,FAILED
1117,628,INSERT,0.5482,15.77,20.1,2026-04-22,SUCCESS
1118,1719,SELECT,0.8631,4.58,12.26,2026-04-17,TIMEOUT
1120,59,ANALYZE,0.3025,16.52,43.63,2026-01-23,SUCCESS
1121,1893,SELECT,0.6739,8.76,43.52,2026-01-30,SUCCESS
1122,1318,ANALYZE,0.0083,1.04,11.2,2026-09-02,FAILED
1123,896,UPDATE,0.7153,15.79,50.32,2026-01-23,SUCCESS
1124,759,CREATE INDEX,1.8785,12.71,29.32,2026-03-22,SUCCESS
1126,134,JOIN,0.9696,15.91,59.14,2026-07-03,SUCCESS
1127,1276,JOIN,2.3313,8.16,49.87,2026-03-02,SUCCESS
1128,930,SELECT,1.6858,15.54,11.95,2026-03-21,FAILED
1129,112,SELECT,0.1903,28.53,38.71,2026-02-02,TIMEOUT
1130,1159,INSERT,0.0264,1.0,1.79,2026-03-26,ERROR
1131,503,ANALYZE,2.4901,21.72,53.18,2026-02-02,SUCCESS
1132,928,DELETE,0.1204,0.31,11.08,2026-01-24,FAILED
1133,992,SELECT,0.6177,14.9,59.55,2026-12-01,SUCCESS
1134,1403,UPDATE,2.4168,13.92,19.71,2026-01-03,TIMEOUT
1135,193,UPDATE,0.0468,0.97,2.41,2026-01-21,ERROR
1137,758,CREATE INDEX,0.2704,23.88,24.05,2026-01-24,SUCCESS
1138,494,DELETE,1.4717,17.36,10.4,2026-03-04,FAILED
1139,1566,JOIN,0.3389,2.74,59.25,2026-03-24,FAILED
1140,404,ANALYZE,1.314,24.16,34.83,2026-04-01,SUCCESS
1141,1306,JOIN,0.0782,1.49,10.0,2026-01-31,FAILED
1142,694,DELETE,0.1194,0.58,7.96,2026-01-20,ERROR
1143,610,UPDATE,1.1464,31.13,49.58,2026-03-30,SUCCESS
1144,400,UPDATE,1.6697,9.7,37.9,2026-12-04,SUCCESS
1145,1224,INSERT,0.0534,28.62,56.5,2026-01-24,SUCCESS
1146,529,ANALYZE,0.0263,32.82,47.28,2026-04-18,SUCCESS
1147,1424,JOIN,0.7072,17.47,44.54,2026-01-21,TIMEOUT
1148,828,CREATE INDEX,0.4328,17.17,34.41,2026-10-04,SUCCESS
1149,1296,ANALYZE,1.3447,11.93,19.41,2026-03-14,TIMEOUT
1150,210,CREATE INDEX,1.0739,4.17,47.47,2026-01-18,TIMEOUT
1151,469,DELETE,1.5003,32.14,27.07,2026-03-20,SUCCESS
1152,1707,JOIN,2.326,31.32,28.41,2026-02-23,FAILED
1153,1213,SELECT,0.7444,29.72,55.88,2026-03-19,SUCCESS
1154,1697,JOIN,0.1009,1.45,10.15,2026-03-30,ERROR
1155,1819,INSERT,0.6172,11.86,12.02,2026-02-20,SUCCESS
1156,671,SELECT,0.5178,30.82,46.97,2026-04-29,SUCCESS
1157,158,JOIN,1.3653,18.06,32.71,2026-04-28,SUCCESS
1158,1084,SELECT,0.0418,34.64,38.02,2026-01-21,SUCCESS
1159,1265,JOIN,0.361,23.1,37.27,2026-01-16,TIMEOUT
1160,412,DELETE,0.8652,5.69,38.14,2026-03-29,SUCCESS
1161,1306,SELECT,1.223,5.9,50.44,2026-01-29,SUCCESS
1162,1779,CREATE INDEX,2.4801,12.69,46.01,2026-09-04,FAILED
1163,487,DELETE,0.2929,15.38,28.02,2026-09-04,FAILED
1164,1653,ANALYZE,1.9363,4.15,24.85,2026-03-29,FAILED
1165,898,INSERT,1.123,31.81,7.76,2026-03-03,FAILED
1166,1232,JOIN,2.2304,15.9,52.09,2026-01-29,SUCCESS
1167,1161,INSERT,2.0149,26.04,34.23,2026-09-02,SUCCESS
1168,1908,INSERT,0.3805,12.39,38.85,2026-01-21,SUCCESS
1169,1006,UPDATE,2.382,7.62,20.94,2026-05-01,FAILED
1170,514,DELETE,0.8719,2.57,42.94,2026-03-21,SUCCESS
1171,1025,DELETE,1.7599,28.8,54.32,2026-04-27,TIMEOUT
1172,1441,SELECT,1.2152,29.31,36.68,2026-01-28,SUCCESS
1174,1618,DELETE,0.4416,2.82,36.16,2026-02-04,SUCCESS
1175,1086,JOIN,0.0961,1.61,5.42,2026-06-02,ERROR
1177,1432,DELETE,0.6793,34.8,39.12,2026-04-02,FAILED
1178,1702,UPDATE,0.4017,29.46,37.89,2026-03-01,SUCCESS
1179,1250,UPDATE,1.2682,23.88,16.81,2026-01-25,SUCCESS
1181,466,ANALYZE,0.6628,12.11,49.35,2026-10-04,FAILED
1184,915,INSERT,1.0404,11.06,6.42,2026-03-22,FAILED
1185,798,CREATE INDEX,0.7535,22.24,29.28,2026-02-01,SUCCESS
1186,962,DELETE,1.4056,34.34,22.58,2026-02-24,SUCCESS
1187,1997,DELETE,0.1102,34.6,35.41,2026-01-27,TIMEOUT
1189,725,CREATE INDEX,0.0516,1.33,14.85,2026-08-04,ERROR
1190,1576,JOIN,1.3801,26.16,54.89,2026-08-01,TIMEOUT
1191,869,CREATE INDEX,0.4702,8.38,35.3,2026-03-28,SUCCESS
1192,412,JOIN,0.0016,0.84,4.28,2026-01-29,FAILED
1193,1225,INSERT,0.0055,1.57,8.8,2026-03-20,ERROR
1194,40,JOIN,2.1092,9.57,48.95,2026-03-02,SUCCESS
1195,1833,JOIN,1.5512,3.27,58.6,2026-02-24,SUCCESS
1196,368,ANALYZE,0.1332,15.56,51.73,2026-02-26,SUCCESS
1198,1890,ANALYZE,1.0045,19.16,30.54,2026-06-01,TIMEOUT
1199,599,DELETE,2.4548,3.1,11.79,2026-03-28,SUCCESS
1202,11,JOIN,2.3954,3.69,18.38,2026-06-02,SUCCESS
1203,59,UPDATE,0.6271,22.1,43.56,2026-12-03,SUCCESS
1204,81,UPDATE,0.2441,10.07,59.84,2026-03-18,SUCCESS
1205,1675,JOIN,2.2681,9.96,18.45,2026-04-28,SUCCESS
1206,1886,ANALYZE,1.2832,10.92,14.04,2026-03-31,SUCCESS
1207,1184,JOIN,2.3982,26.28,5.87,2026-03-14,TIMEOUT
1208,297,DELETE,0.1756,30.84,6.63,2026-04-30,SUCCESS
1209,728,CREATE INDEX,1.5509,24.8,31.38,2026-03-31,FAILED
1210,389,INSERT,2.2947,20.75,19.34,2026-04-04,SUCCESS
1211,278,UPDATE,1.7429,18.51,46.55,2026-02-24,TIMEOUT
1212,228,UPDATE,2.2764,4.28,30.74,2026-08-02,SUCCESS
1214,1639,CREATE INDEX,2.4814,23.56,42.08,2026-11-01,SUCCESS
1216,1958,ANALYZE,1.5275,26.89,51.6,2026-03-16,TIMEOUT
1219,178,CREATE INDEX,0.3125,16.42,8.33,2026-12-03,SUCCESS
1221,1272,SELECT,0.2941,9.47,20.82,2026-07-02,SUCCESS
1222,1403,SELECT,1.3765,8.07,44.95,2026-03-03,SUCCESS
1223,1281,UPDATE,0.1053,17.05,33.51,2026-08-01,SUCCESS
1224,1330,CREATE INDEX,0.3727,29.46,59.66,2026-04-28,SUCCESS
1225,1247,SELECT,0.0808,1.32,3.58,2026-03-18,FAILED
1227,832,JOIN,0.8284,18.76,49.8,2026-03-04,SUCCESS
1228,1975,DELETE,0.1683,14.28,35.32,2026-01-18,TIMEOUT
1229,1628,INSERT,1.5922,21.14,23.32,2026-09-01,SUCCESS
1230,828,INSERT,1.463,16.12,40.4,2026-11-01,ERROR
1232,304,INSERT,0.8773,32.06,19.28,2026-04-16,SUCCESS
1233,787,JOIN,1.8165,13.83,17.79,2026-02-27,SUCCESS
1234,1877,SELECT,2.3832,6.43,21.41,2026-01-21,FAILED
1235,1612,DELETE,1.1159,14.33,39.67,2026-03-15,SUCCESS
1236,405,UPDATE,1.7463,23.11,38.5,2026-04-03,SUCCESS
1237,549,SELECT,0.5888,18.77,21.14,2026-01-17,TIMEOUT
1238,1130,UPDATE,2.4301,25.35,49.21,2026-01-04,FAILED
1239,797,INSERT,0.1314,0.97,4.45,2026-10-02,ERROR
1240,74,CREATE INDEX,1.8445,13.3,20.95,2026-03-14,SUCCESS
1241,15,INSERT,0.2132,14.27,33.72,2026-10-01,SUCCESS
1242,419,UPDATE,1.6213,26.93,34.8,2026-02-14,TIMEOUT
1243,1480,INSERT,1.4691,11.91,7.17,2026-03-30,SUCCESS
1244,1978,INSERT,2.4967,2.68,18.59,2026-02-17,SUCCESS
1245,1699,INSERT,0.0843,1.74,14.14,2026-02-04,FAILED
1246,1947,INSERT,0.6086,28.27,31.3,2026-01-20,SUCCESS
1247,1680,ANALYZE,1.9114,5.91,10.62,2026-02-19,FAILED
1249,483,JOIN,0.6553,3.07,30.33,2026-03-03,TIMEOUT
1250,832,ANALYZE,1.8629,11.84,12.76,2026-01-23,SUCCESS
1251,817,INSERT,2.0142,34.65,34.84,2026-03-27,SUCCESS
1252,1773,INSERT,2.0516,24.5,31.65,2026-03-17,FAILED
1253,1333,INSERT,0.0889,1.64,4.54,2026-01-21,FAILED
1254,1518,UPDATE,1.0497,25.91,51.8,2026-01-27,PENDING
1256,511,SELECT,2.1259,7.99,13.26,2026-08-04,SUCCESS
1257,1912,DELETE,1.0294,33.31,13.89,2026-08-02,TIMEOUT
1258,308,ANALYZE,0.7254,0.97,46.1,2026-04-21,SUCCESS
1259,1461,CREATE INDEX,0.4822,0.53,46.36,2026-02-18,TIMEOUT
1260,1610,DELETE,0.222,2.56,26.3,2026-12-03,SUCCESS
1261,808,CREATE INDEX,1.3847,1.32,59.0,2026-04-04,SUCCESS
1262,711,UPDATE,0.5353,5.69,41.55,2026-03-30,SUCCESS
1263,652,SELECT,1.9766,6.15,47.23,2026-04-24,FAILED
1264,584,UPDATE,1.7888,24.29,42.78,2026-04-21,SUCCESS
1265,779,SELECT,0.1208,1.03,8.58,2026-04-30,FAILED
1266,755,UPDATE,0.2809,0.71,10.94,2026-04-25,TIMEOUT
1267,1689,INSERT,2.0123,3.17,21.15,2026-07-04,FAILED
1268,1804,UPDATE,0.6611,25.78,59.35,2026-04-25,SUCCESS
1269,1561,ANALYZE,0.9183,16.06,29.68,2026-01-29,SUCCESS
1270,1328,ANALYZE,0.1461,0.63,6.73,2026-02-01,FAILED
1271,1389,SELECT,2.3631,26.83,7.14,2026-09-02,SUCCESS
1272,1190,CREATE INDEX,0.5037,6.39,49.21,2026-02-14,SUCCESS
1273,1757,UPDATE,1.6527,12.97,42.32,2026-04-04,FAILED
1274,462,INSERT,0.2123,4.02,28.27,2026-01-31,TIMEOUT
1276,1069,UPDATE,1.6062,28.75,44.11,2026-03-14,FAILED
1278,1952,SELECT,2.4127,13.12,47.13,2026-03-04,SUCCESS
1279,395,INSERT,1.7393,26.04,6.57,2026-01-29,FAILED
1280,1862,INSERT,2.3132,19.11,54.35,2026-07-04,FAILED
1281,960,DELETE,1.0855,20.37,6.48,2026-04-16,SUCCESS
1283,502,CREATE INDEX,1.1909,27.86,48.48,2026-04-17,FAILED
1284,167,DELETE,0.3997,7.5,29.76,2026-04-16,SUCCESS
1285,872,JOIN,0.0027,1.85,2.37,2026-07-04,FAILED
1287,990,UPDATE,1.3872,3.26,9.99,2026-03-23,SUCCESS
1288,751,JOIN,0.5501,28.3,19.7,2026-03-31,TIMEOUT
1289,1361,ANALYZE,2.3584,11.43,19.69,2026-04-21,SUCCESS
1290,76,ANALYZE,1.6571,4.18,23.48,2026-11-02,FAILED
1291,1141,CREATE INDEX,1.1462,4.89,22.1,2026-02-16,SUCCESS
1292,1845,INSERT,0.1376,23.77,17.45,2026-01-03,SUCCESS
1293,1925,UPDATE,1.0949,27.07,34.61,2026-02-01,TIMEOUT
1294,1052,ANALYZE,0.0807,27.87,16.65,2026-04-27,SUCCESS
1295,1305,DELETE,1.3097,25.92,18.44,2026-12-01,FAILED
1297,1795,DELETE,1.9096,16.31,53.32,2026-05-01,SUCCESS
1299,235,UPDATE,0.0376,0.5,13.05,2026-02-04,FAILED
1300,456,JOIN,1.893,16.76,40.99,2026-11-03,TIMEOUT
1302,431,SELECT,0.0916,1.08,14.75,2026-01-30,ERROR
1303,925,ANALYZE,0.9403,5.56,44.45,2026-04-16,SUCCESS
1304,778,DELETE,2.3582,14.87,47.06,2026-04-25,TIMEOUT
1305,1619,SELECT,2.2253,30.86,7.64,2026-04-22,SUCCESS
1306,85,ANALYZE,0.3566,14.15,43.12,2026-04-02,FAILED
1307,913,JOIN,1.1431,4.62,34.52,2026-02-21,SUCCESS
1309,8,INSERT,1.374,29.68,16.85,2026-01-20,SUCCESS
1310,1079,UPDATE,0.1458,20.21,35.16,2026-01-23,FAILED
1312,1916,DELETE,0.08,1.47,12.17,2026-10-01,ERROR
1313,725,SELECT,1.6843,3.97,40.31,2026-01-17,SUCCESS
1314,1144,INSERT,0.1271,19.52,18.8,2026-03-22,SUCCESS
1315,1900,JOIN,0.0535,0.16,7.54,2026-04-03,FAILED
1316,164,ANALYZE,0.7083,6.42,15.67,2026-01-13,TIMEOUT
1319,1366,JOIN,1.1432,25.48,30.33,2026-03-30,SUCCESS
1320,1127,JOIN,2.4209,16.52,50.97,2026-01-05,SUCCESS
1321,1880,ANALYZE,0.0399,1.59,14.08,2026-03-28,FAILED
1323,525,CREATE INDEX,0.8538,5.78,54.38,2026-09-04,SUCCESS
1325,60,INSERT,1.869,9.28,41.26,2026-10-02,TIMEOUT
1326,536,JOIN,1.9162,8.25,58.99,2026-04-17,SUCCESS
1327,1893,DELETE,0.765,30.48,8.32,2026-12-02,SUCCESS
1328,1184,ANALYZE,0.0286,34.68,54.15,2026-01-18,SUCCESS
1329,1184,DELETE,2.1476,19.61,10.67,2026-03-24,FAILED
1331,1783,INSERT,0.9688,10.95,18.36,2026-04-18,SUCCESS
1332,1886,UPDATE,2.0958,19.74,44.9,2026-03-01,SUCCESS
1333,309,JOIN,1.1761,17.99,11.31,2026-03-02,SUCCESS
1334,1750,DELETE,1.6565,24.38,45.8,2026-02-24,FAILED
1335,1825,DELETE,2.1716,9.4,10.55,2026-01-24,SUCCESS
1336,83,CREATE INDEX,2.4488,4.27,35.98,2026-03-13,FAILED
1337,1234,SELECT,0.1127,0.8,4.23,2026-07-04,FAILED
1338,514,DELETE,2.2248,3.68,10.98,2026-01-30,SUCCESS
1339,420,SELECT,2.2397,6.54,8.29,2026-03-13,TIMEOUT
1340,47,DELETE,2.2895,7.63,11.19,2026-01-23,FAILED
1343,449,UPDATE,2.0234,17.76,44.17,2026-03-01,SUCCESS
1344,1899,INSERT,1.3795,13.59,39.97,2026-06-03,FAILED
1345,681,SELECT,0.5563,6.23,27.8,2026-01-18,SUCCESS
1346,962,ANALYZE,1.895,17.29,31.23,2026-03-17,SUCCESS
1347,729,UPDATE,2.4284,24.74,8.4,2026-04-19,SUCCESS
1348,1537,UPDATE,0.1133,1.98,4.83,2026-01-18,ERROR
1351,111,INSERT,1.9922,10.07,31.37,2026-05-03,SUCCESS
1352,944,UPDATE,1.3621,3.17,15.66,2026-02-26,TIMEOUT
1353,261,INSERT,1.4553,9.51,10.74,2026-01-22,SUCCESS
1354,571,INSERT,0.0322,0.24,14.33,2026-03-17,FAILED
1355,639,INSERT,2.392,30.27,58.98,2026-01-31,SUCCESS
1356,1459,DELETE,2.1664,1.85,47.28,2026-03-04,SUCCESS
1357,5,SELECT,0.4486,33.46,43.13,2026-10-01,SUCCESS
1358,997,JOIN,1.5578,19.87,24.31,2026-02-18,FAILED
1359,740,JOIN,0.6491,8.0,14.08,2026-01-14,FAILED
1361,444,JOIN,0.5062,26.21,38.66,2026-11-04,TIMEOUT
1362,141,JOIN,2.4933,0.58,47.63,2026-02-13,SUCCESS
1364,884,ANALYZE,1.2807,8.44,25.37,2026-02-20,SUCCESS
1365,111,ANALYZE,0.7129,3.58,41.65,2026-02-03,FAILED
1366,438,SELECT,0.6942,8.04,42.55,2026-02-25,SUCCESS
1367,1494,UPDATE,1.9267,13.98,41.23,2026-04-28,SUCCESS
1368,122,ANALYZE,0.4008,25.8,15.49,2026-01-15,SUCCESS
1369,372,JOIN,0.5423,6.09,59.81,2026-03-04,SUCCESS
1370,1517,CREATE INDEX,1.5145,28.37,25.18,2026-02-27,TIMEOUT
1371,1308,DELETE,2.2434,20.58,11.17,2026-07-02,SUCCESS
1372,615,INSERT,2.1551,34.79,57.33,2026-09-01,SUCCESS
1373,155,DELETE,2.1432,16.23,48.15,2026-02-23,SUCCESS
1374,369,JOIN,1.7659,27.02,44.29,2026-04-24,FAILED
1375,706,SELECT,1.307,14.81,16.57,2026-01-01,SUCCESS
1376,609,CREATE INDEX,1.7663,27.98,41.43,2026-08-01,SUCCESS
1377,1117,INSERT,0.1964,7.06,19.95,2026-01-28,TIMEOUT
1378,1900,UPDATE,0.7404,10.62,43.35,2026-03-18,SUCCESS
1380,947,SELECT,2.3044,12.08,21.92,2026-04-13,SUCCESS
1381,579,JOIN,0.6509,2.13,37.74,2026-05-03,SUCCESS
1382,1501,INSERT,2.1588,32.7,54.39,2026-01-29,SUCCESS
1383,504,JOIN,0.0308,28.55,16.34,2026-01-25,TIMEOUT
1384,291,INSERT,0.0229,1.16,5.77,2026-11-02,ERROR
1386,70,JOIN,1.627,34.64,14.59,2026-04-21,FAILED
1387,937,CREATE INDEX,1.057,21.65,9.98,2026-03-26,TIMEOUT
1388,1387,DELETE,1.5781,1.47,51.63,2026-01-27,SUCCESS
1390,1586,DELETE,0.7188,6.45,30.78,2026-03-23,SUCCESS
1391,937,INSERT,0.2178,17.32,44.92,2026-04-17,SUCCESS
1393,737,INSERT,0.612,3.66,43.84,2026-04-21,SUCCESS
1394,205,DELETE,0.0551,1.0,1.26,2026-04-15,FAILED
1395,1077,ANALYZE,0.2673,24.23,26.88,2026-04-30,SUCCESS
1397,579,INSERT,0.1455,0.5,8.86,2026-04-24,FAILED
1399,1794,CREATE INDEX,1.0973,33.55,31.98,2026-11-02,SUCCESS
1400,1852,UPDATE,2.2768,22.76,40.69,2026-05-03,SUCCESS
1401,447,ANALYZE,1.4153,17.95,23.7,2026-02-25,SUCCESS
1403,54,INSERT,0.4321,20.95,50.76,2026-02-02,TIMEOUT
1404,1548,INSERT,0.4914,32.27,15.94,2026-03-24,FAILED
1406,242,JOIN,2.4405,2.44,37.05,2026-04-30,TIMEOUT
1407,1043,CREATE INDEX,1.8024,7.43,11.75,2026-02-20,TIMEOUT
1408,665,SELECT,0.2225,2.15,41.18,2026-01-15,SUCCESS
1410,958,JOIN,1.8714,31.48,18.45,2026-09-03,SUCCESS
1411,1303,DELETE,0.0905,1.47,3.11,2026-02-21,FAILED
1413,570,UPDATE,2.1837,30.17,32.41,2026-01-26,SUCCESS
1416,1293,UPDATE,1.0617,25.83,51.18,2026-11-03,SUCCESS
1418,1601,UPDATE,2.3076,30.22,22.06,2026-01-16,FAILED
1420,13,INSERT,1.2694,5.04,43.86,2026-03-24,SUCCESS
1421,5,SELECT,1.7699,32.38,46.61,2026-12-01,SUCCESS
1422,1282,INSERT,1.7682,31.27,13.36,2026-01-02,SUCCESS
1423,1111,DELETE,0.2562,21.78,6.86,2026-03-30,SUCCESS
1424,1483,CREATE INDEX,1.7913,11.02,38.13,2026-03-29,TIMEOUT
1426,1525,CREATE INDEX,1.0065,27.0,25.82,2026-01-14,TIMEOUT
1427,1772,CREATE INDEX,0.6726,25.93,29.3,2026-03-30,SUCCESS
1428,435,UPDATE,1.6954,21.61,30.0,2026-03-02,SUCCESS
1429,1595,INSERT,0.493,32.23,13.54,2026-04-18,SUCCESS
1431,1151,ANALYZE,0.1193,1.03,2.41,2026-01-27,FAILED
1432,397,JOIN,1.6716,18.57,28.82,2026-07-03,FAILED
1433,1011,UPDATE,0.0881,1.17,9.25,2026-02-20,FAILED
1434,375,JOIN,0.306,7.2,22.31,2026-04-02,FAILED
1435,992,ANALYZE,1.2812,12.65,6.86,2026-04-27,SUCCESS
1436,696,CREATE INDEX,1.0626,26.68,52.29,2026-03-22,TIMEOUT
1437,421,DELETE,2.3821,13.84,28.36,2026-03-18,FAILED
1438,1206,JOIN,1.6729,34.51,47.45,2026-03-17,FAILED
1439,1814,DELETE,0.7647,24.5,36.11,2026-07-04,SUCCESS
1440,1796,CREATE INDEX,1.5529,22.08,26.22,2026-02-10,SUCCESS
1441,1291,SELECT,0.1847,10.15,25.38,2026-04-01,TIMEOUT
1442,1939,DELETE,0.1081,1.91,9.78,2026-01-27,FAILED
1445,1558,SELECT,1.7614,30.5,31.96,2026-05-02,TIMEOUT
1447,352,INSERT,1.28,23.6,49.07,2026-04-14,SUCCESS
1448,331,SELECT,0.8667,27.58,17.92,2026-02-01,SUCCESS
1449,1687,DELETE,1.2488,1.91,57.12,2026-02-23,FAILED
1450,1638,UPDATE,2.154,28.33,36.25,2026-03-20,FAILED
1451,943,DELETE,2.1613,8.26,43.99,2026-05-03,FAILED
1452,880,DELETE,0.824,3.43,50.58,2026-03-15,SUCCESS
1453,1189,DELETE,1.396,32.0,44.39,2026-02-14,SUCCESS
1455,492,JOIN,1.1277,5.54,7.53,2026-01-30,TIMEOUT
1456,840,ANALYZE,2.326,5.16,41.2,2026-02-24,TIMEOUT
1457,1329,CREATE INDEX,0.0726,0.59,2.13,2026-07-02,ERROR
1458,529,ANALYZE,0.44,9.6,26.94,2026-01-19,SUCCESS
1459,475,DELETE,2.1025,0.88,25.2,2026-01-25,SUCCESS
1460,1855,DELETE,1.3945,15.61,58.69,2026-03-14,SUCCESS
1461,459,INSERT,1.8542,20.75,15.71,2026-09-02,SUCCESS
1462,1668,ANALYZE,2.0442,27.05,55.46,2026-03-04,SUCCESS
1463,138,JOIN,0.6337,22.72,9.09,2026-02-28,SUCCESS
1464,294,ANALYZE,2.4571,30.73,25.42,2026-04-22,SUCCESS
1465,1592,SELECT,1.1668,29.17,27.1,2026-02-23,SUCCESS
1466,1772,CREATE INDEX,0.3103,27.0,31.52,2026-02-22,TIMEOUT
1467,1839,ANALYZE,0.1009,1.46,8.12,2026-01-17,ERROR
1468,843,JOIN,0.9776,34.86,15.72,2026-01-27,TIMEOUT
1471,1440,JOIN,1.4227,22.5,51.41,2026-01-15,SUCCESS
1472,739,JOIN,0.3649,11.32,39.65,2026-03-23,SUCCESS
1473,1737,INSERT,2.2882,28.89,30.79,2026-04-20,SUCCESS
1474,1357,INSERT,1.2549,26.33,26.58,2026-01-03,SUCCESS
1475,1259,CREATE INDEX,2.2236,14.07,19.31,2026-12-01,TIMEOUT
1476,1102,INSERT,2.1281,22.61,35.14,2026-01-30,FAILED
1477,844,INSERT,1.6379,1.87,54.37,2026-03-28,SUCCESS
1478,1847,DELETE,0.2215,17.96,46.14,2026-07-02,FAILED
1479,1918,UPDATE,0.27,33.55,47.0,2026-04-16,SUCCESS
1480,439,UPDATE,1.2851,19.74,5.21,2026-12-01,SUCCESS
1481,138,UPDATE,2.2611,18.04,9.17,2026-01-02,SUCCESS
1483,1389,DELETE,2.4414,24.94,11.73,2026-09-04,SUCCESS
1485,328,ANALYZE,1.3528,16.95,28.53,2026-01-24,SUCCESS
1488,681,UPDATE,0.8054,13.64,38.92,2026-01-26,TIMEOUT
1489,352,JOIN,1.8446,33.39,39.29,2026-08-02,SUCCESS
1490,1213,DELETE,0.1612,1.96,16.04,2026-04-22,SUCCESS
1491,1951,ANALYZE,0.0408,1.67,8.0,2026-04-04,FAILED
1492,771,JOIN,2.4447,34.73,58.75,2026-11-01,FAILED
1493,629,CREATE INDEX,2.178,20.48,8.02,2026-04-26,SUCCESS
1494,1582,ANALYZE,0.9187,3.33,32.24,2026-12-04,FAILED
1496,660,UPDATE,1.6448,3.1,21.51,2026-06-03,TIMEOUT
1497,1755,CREATE INDEX,0.2202,32.55,21.27,2026-02-14,SUCCESS
1498,1486,INSERT,2.0342,24.2,48.83,2026-03-30,SUCCESS
1499,368,CREATE INDEX,0.0144,1.64,9.13,2026-03-14,FAILED
1501,378,UPDATE,1.6968,16.8,50.24,2026-01-19,SUCCESS
1502,1114,DELETE,0.1721,19.44,55.26,2026-01-30,TIMEOUT
1503,1388,UPDATE,1.2829,12.34,57.18,2026-01-01,TIMEOUT
1504,1045,ANALYZE,0.456,5.54,43.3,2026-04-29,FAILED
1505,1115,UPDATE,0.1282,1.37,13.7,2026-06-03,FAILED
1507,1288,UPDATE,1.1867,28.58,40.29,2026-03-01,FAILED
1508,906,CREATE INDEX,0.3645,19.16,15.25,2026-04-24,SUCCESS
1509,313,ANALYZE,0.8785,31.13,10.88,2026-03-16,SUCCESS
1510,1726,CREATE INDEX,0.1988,27.76,20.01,2026-02-27,SUCCESS
1511,1332,INSERT,1.4235,11.33,5.04,2026-04-04,SUCCESS
1512,761,INSERT,0.3203,20.1,31.01,2026-02-16,SUCCESS
1513,923,SELECT,1.6867,14.89,45.38,2026-11-03,SUCCESS
1514,1282,ANALYZE,1.4352,32.6,50.21,2026-03-21,SUCCESS
1516,944,CREATE INDEX,1.3676,20.07,21.18,2026-04-14,SUCCESS
1517,541,JOIN,2.4169,16.73,16.27,2026-03-16,SUCCESS
1518,195,ANALYZE,1.2985,24.81,15.18,2026-03-29,TIMEOUT
1520,644,UPDATE,0.8715,9.06,18.7,2026-03-16,SUCCESS
1521,1285,INSERT,2.48,10.17,30.9,2026-08-03,SUCCESS
1523,875,UPDATE,0.1222,32.0,15.28,2026-02-18,SUCCESS
1524,89,JOIN,1.0915,19.95,15.55,2026-03-04,SUCCESS
1526,658,INSERT,1.7354,30.99,43.8,2026-02-25,TIMEOUT
1528,137,JOIN,1.5013,1.61,45.02,2026-02-23,SUCCESS
1529,761,ANALYZE,0.558,11.93,18.78,2026-02-17,FAILED
1530,190,INSERT,2.1218,10.61,19.75,2026-03-26,SUCCESS
1531,1814,SELECT,2.0824,24.08,42.58,2026-01-20,SUCCESS
1532,1326,SELECT,2.4325,4.67,29.0,2026-03-18,SUCCESS
1533,961,JOIN,0.8814,9.28,31.63,2026-09-03,TIMEOUT
1534,764,UPDATE,1.6125,26.2,22.14,2026-01-04,FAILED
1535,1398,INSERT,1.1362,2.53,39.9,2026-02-25,SUCCESS
1536,1180,ANALYZE,0.2512,14.67,5.39,2026-03-24,TIMEOUT
1537,1293,CREATE INDEX,0.7706,18.49,20.96,2026-05-01,SUCCESS
1538,987,JOIN,1.5952,29.5,18.15,2026-03-29,SUCCESS
1541,799,INSERT,1.6266,12.76,19.61,2026-07-01,SUCCESS
1542,874,SELECT,0.6422,7.11,32.43,2026-02-25,SUCCESS
1543,1990,DELETE,0.0377,0.37,3.94,2026-10-03,ERROR
1544,1642,UPDATE,1.2418,23.72,7.58,2026-02-13,SUCCESS
1547,1939,JOIN,1.2335,12.86,5.68,2026-03-20,SUCCESS
1548,1634,DELETE,0.67,8.78,40.52,2026-07-02,SUCCESS
1549,715,ANALYZE,0.7796,20.78,29.1,2026-06-04,SUCCESS
1550,534,INSERT,0.1143,22.14,48.37,2026-09-04,SUCCESS
1551,977,UPDATE,0.0749,1.41,10.15,2026-03-30,ERROR
1552,716,SELECT,1.294,7.38,29.73,2026-01-17,FAILED
1553,58,DELETE,0.0394,0.35,4.49,2026-02-19,ERROR
1554,261,SELECT,1.1837,32.16,52.9,2026-08-01,SUCCESS
1555,1262,UPDATE,0.7925,12.17,12.63,2026-02-20,SUCCESS
1556,231,UPDATE,1.1919,23.38,23.28,2026-09-02,SUCCESS
1557,1585,INSERT,0.5048,9.29,53.99,2026-04-18,FAILED
1558,452,ANALYZE,1.8144,0.52,19.81,2026-01-30,TIMEOUT
1560,1026,CREATE INDEX,0.9298,19.05,36.91,2026-03-26,SUCCESS
1562,1310,INSERT,0.1046,1.21,9.06,2026-03-28,ERROR
1563,521,JOIN,0.9501,22.49,47.83,2026-03-21,FAILED
1564,1738,INSERT,1.546,23.78,36.93,2026-01-28,TIMEOUT
1565,444,INSERT,1.1073,3.2,21.88,2026-03-19,SUCCESS
1566,373,SELECT,0.3163,19.63,30.68,2026-03-15,FAILED
1567,450,CREATE INDEX,2.0069,14.98,48.67,2026-03-17,SUCCESS
1568,1359,JOIN,0.8549,4.07,27.12,2026-03-23,TIMEOUT
1569,1470,CREATE INDEX,2.4714,3.06,22.13,2026-08-03,TIMEOUT
1570,1496,SELECT,1.2825,20.59,8.61,2026-07-02,TIMEOUT
1571,274,DELETE,0.6848,9.07,50.43,2026-01-24,SUCCESS
1572,1837,JOIN,0.7701,15.12,40.48,2026-03-26,SUCCESS
1573,311,SELECT,2.1875,28.78,35.35,2026-03-23,FAILED
1574,1947,UPDATE,1.2184,22.31,47.14,2026-03-30,TIMEOUT
1576,119,DELETE,1.0052,24.51,24.32,2026-02-27,TIMEOUT
1577,911,DELETE,0.4496,4.03,23.01,2026-02-19,SUCCESS
1578,1290,SELECT,2.0274,5.05,43.03,2026-03-02,TIMEOUT
1579,1048,UPDATE,1.9269,6.47,16.12,2026-01-13,FAILED
1580,1368,SELECT,0.3934,17.16,53.53,2026-02-27,TIMEOUT
1581,697,JOIN,0.9384,10.71,40.96,2026-07-02,TIMEOUT
1584,72,CREATE INDEX,1.9167,4.0,59.09,2026-02-19,SUCCESS
1585,1756,DELETE,0.1367,0.61,1.08,2026-02-20,FAILED
1586,8,DELETE,1.6685,27.48,27.43,2026-01-29,SUCCESS
1587,1683,JOIN,0.9152,6.17,45.0,2026-01-19,SUCCESS
1588,782,ANALYZE,1.7655,33.73,12.15,2026-03-03,SUCCESS
1589,1624,ANALYZE,1.3625,5.23,8.66,2026-04-23,SUCCESS
1590,489,UPDATE,0.4739,21.77,31.52,2026-03-25,SUCCESS
1592,1860,JOIN,1.4917,20.25,17.02,2026-03-02,SUCCESS
1593,1187,UPDATE,2.2357,16.73,58.85,2026-06-01,SUCCESS
1594,922,JOIN,0.5342,26.47,19.93,2026-04-24,SUCCESS
1596,1672,CREATE INDEX,1.2295,10.53,32.96,2026-01-16,SUCCESS
1597,1576,UPDATE,0.4663,1.48,38.39,2026-01-14,SUCCESS
1598,688,JOIN,0.0882,1.84,8.24,2026-07-04,ERROR
1599,625,INSERT,1.1124,17.78,41.72,2026-03-13,TIMEOUT
1600,702,ANALYZE,2.4328,26.32,11.77,2026-10-01,SUCCESS
1601,1037,ANALYZE,0.8876,20.45,9.21,2026-01-27,SUCCESS
1602,851,CREATE INDEX,1.2175,12.99,10.61,2026-07-03,TIMEOUT
1603,1372,UPDATE,1.5664,0.94,54.48,2026-01-18,FAILED
1604,1543,SELECT,0.1249,0.22,3.29,2026-04-03,ERROR
1605,1792,UPDATE,1.5667,12.53,55.69,2026-01-01,SUCCESS
1607,843,UPDATE,1.0772,5.25,19.54,2026-01-31,SUCCESS
1608,1793,INSERT,0.7243,5.09,27.55,2026-02-26,SUCCESS
1609,1991,CREATE INDEX,1.5213,11.77,44.21,2026-02-19,SUCCESS
1610,600,SELECT,0.2656,22.13,21.45,2026-02-15,SUCCESS
1611,1299,ANALYZE,0.0301,21.82,55.04,2026-03-17,TIMEOUT
1612,705,JOIN,0.0955,1.92,4.29,2026-02-17,FAILED
1613,1730,SELECT,0.9267,30.98,38.1,2026-12-03,TIMEOUT
1615,15,CREATE INDEX,0.1001,1.85,14.18,2026-09-04,FAILED
1616,545,SELECT,0.488,8.36,12.62,2026-03-02,SUCCESS
1618,1869,JOIN,1.6394,6.47,31.14,2026-04-04,FAILED
1619,1303,ANALYZE,2.1358,24.54,43.82,2026-02-26,SUCCESS
1620,1599,ANALYZE,2.3879,16.42,29.07,2026-01-28,SUCCESS
1621,1483,UPDATE,0.5916,3.62,37.05,2026-09-01,SUCCESS
1622,63,INSERT,1.7403,5.77,12.57,2026-01-30,SUCCESS
1623,1068,ANALYZE,0.1431,1.75,2.15,2026-01-03,ERROR
1624,175,UPDATE,0.1596,4.09,42.46,2026-10-01,SUCCESS
1625,691,SELECT,0.4808,20.57,39.5,2026-06-02,SUCCESS
1626,1884,DELETE,0.8451,12.86,15.93,2026-12-02,SUCCESS
1627,1214,UPDATE,0.9353,34.21,40.21,2026-03-22,TIMEOUT
1630,1894,JOIN,0.0888,1.22,5.78,2026-03-25,FAILED
1632,345,ANALYZE,0.5262,15.29,30.07,2026-04-20,SUCCESS
1633,732,CREATE INDEX,0.219,12.83,12.53,2026-03-28,SUCCESS
1635,289,INSERT,0.9741,21.26,17.44,2026-01-02,SUCCESS
1637,1923,SELECT,1.3891,13.98,23.75,2026-04-03,SUCCESS
1638,1183,DELETE,2.1502,25.54,23.92,2026-04-02,FAILED
1639,424,UPDATE,0.3997,21.87,36.13,2026-06-02,TIMEOUT
1640,1949,SELECT,2.0484,14.78,21.19,2026-03-19,SUCCESS
1641,1004,INSERT,0.5694,20.69,5.74,2026-06-03,FAILED
1642,357,UPDATE,0.0559,0.41,6.47,2026-02-02,FAILED
1643,1195,SELECT,1.7458,14.41,26.49,2026-01-30,SUCCESS
1644,481,INSERT,1.4588,16.47,30.74,2026-03-14,SUCCESS
1645,494,UPDATE,0.1498,0.56,4.19,2026-02-17,FAILED
1646,106,SELECT,2.4536,10.95,12.04,2026-02-14,SUCCESS
1647,1068,JOIN,1.2366,15.67,30.46,2026-10-01,FAILED
1648,1249,ANALYZE,1.5352,9.75,32.59,2026-06-01,SUCCESS
1649,562,JOIN,0.0127,1.01,9.53,2026-03-16,FAILED
1652,1792,UPDATE,1.6156,15.78,26.41,2026-04-15,SUCCESS
1653,292,INSERT,0.9859,5.37,54.97,2026-04-19,SUCCESS
1654,1328,DELETE,2.1278,33.6,20.42,2026-01-04,SUCCESS
1655,602,ANALYZE,0.5025,14.98,34.53,2026-02-24,SUCCESS
1656,30,DELETE,2.2595,14.15,16.14,2026-07-03,FAILED
1657,269,JOIN,2.3869,32.4,51.43,2026-06-03,FAILED
1658,1338,CREATE INDEX,0.7219,7.7,32.02,2026-01-23,SUCCESS
1659,934,CREATE INDEX,1.7954,32.36,42.96,2026-03-31,FAILED
1660,881,JOIN,0.2797,32.24,51.65,2026-11-01,SUCCESS
1661,1146,CREATE INDEX,0.6449,12.61,35.19,2026-01-25,FAILED
1662,772,JOIN,1.9147,15.64,36.56,2026-08-01,SUCCESS
1663,601,ANALYZE,1.7348,17.36,6.87,2026-04-17,SUCCESS
1664,433,INSERT,1.4663,7.48,59.23,2026-04-22,FAILED
1665,775,DELETE,1.3036,33.41,14.92,2026-01-22,SUCCESS
1666,1164,INSERT,1.8133,25.55,6.25,2026-03-04,SUCCESS
1667,1455,DELETE,0.4221,12.92,47.49,2026-01-19,SUCCESS
1668,1233,SELECT,0.0873,0.1,13.14,2026-01-17,ERROR
1669,574,JOIN,2.4598,15.48,46.14,2026-03-26,TIMEOUT
1670,1709,DELETE,1.577,34.41,34.37,2026-03-28,SUCCESS
1671,196,JOIN,1.6606,13.08,7.62,2026-04-03,SUCCESS
1672,654,SELECT,1.9952,10.06,26.97,2026-02-26,SUCCESS
1673,904,DELETE,1.0603,30.59,45.92,2026-01-20,TIMEOUT
1675,1058,SELECT,0.0802,0.67,42.01,2026-03-25,SUCCESS
1676,686,SELECT,2.261,9.93,10.79,2026-02-17,SUCCESS
1679,1501,JOIN,1.6343,4.08,40.01,2026-09-04,FAILED
1680,1891,JOIN,0.0884,0.95,7.02,2026-04-25,FAILED
1681,1410,ANALYZE,0.433,14.43,24.35,2026-01-26,SUCCESS
1682,583,SELECT,0.0787,1.15,9.86,2026-01-04,ERROR
1683,1666,JOIN,1.1724,6.07,8.85,2026-04-17,FAILED
1684,1665,INSERT,1.761,25.86,49.42,2026-04-16,SUCCESS
1685,318,UPDATE,2.3721,23.23,10.24,2026-01-30,SUCCESS
1686,561,CREATE INDEX,1.2258,18.6,28.87,2026-01-02,SUCCESS
1687,1318,SELECT,2.0981,9.01,22.62,2026-11-03,FAILED
1688,975,DELETE,2.4856,20.45,51.84,2026-09-03,SUCCESS
1689,875,SELECT,2.2914,28.94,24.16,2026-02-20,SUCCESS
1690,487,UPDATE,0.246,7.32,54.84,2026-04-02,FAILED
1691,432,SELECT,1.5037,28.73,52.94,2026-02-18,SUCCESS
1692,1945,SELECT,0.4394,12.79,46.88,2026-03-14,SUCCESS
1693,989,UPDATE,1.3451,2.74,7.54,2026-04-18,SUCCESS
1694,208,JOIN,1.4975,14.71,7.26,2026-06-04,SUCCESS
1695,1418,UPDATE,0.8011,21.81,55.14,2026-02-21,SUCCESS
1696,503,JOIN,1.6863,23.55,58.16,2026-04-23,SUCCESS
1697,732,CREATE INDEX,2.4214,6.82,32.92,2026-04-30,FAILED
1698,834,SELECT,0.1778,18.86,56.35,2026-04-18,SUCCESS
1699,304,JOIN,2.1257,25.34,46.28,2026-01-02,TIMEOUT
1700,1172,INSERT,1.7486,20.56,19.94,2026-04-20,SUCCESS
1701,161,DELETE,0.0221,0.33,6.96,2026-01-02,ERROR
1702,918,UPDATE,1.0202,8.56,36.02,2026-04-14,SUCCESS
1703,800,JOIN,2.1106,5.46,36.6,2026-02-15,SUCCESS
1704,799,INSERT,0.4412,25.76,19.72,2026-12-01,SUCCESS
1705,1007,UPDATE,0.6149,25.09,19.86,2026-04-03,SUCCESS
1706,1732,ANALYZE,1.5842,5.84,43.03,2026-03-30,FAILED
1707,765,JOIN,2.0609,29.84,51.89,2026-03-04,FAILED
1708,1053,SELECT,2.239,27.43,7.75,2026-07-02,SUCCESS
1709,1042,JOIN,0.6223,34.79,26.87,2026-03-30,FAILED
1710,807,UPDATE,1.7717,19.41,40.22,2026-01-03,SUCCESS
1711,334,INSERT,0.9451,20.12,22.8,2026-03-22,TIMEOUT
1712,1537,SELECT,1.0836,15.09,20.97,2026-02-22,PENDING
1713,1988,UPDATE,1.3653,1.31,19.59,2026-04-28,SUCCESS
1715,1255,JOIN,0.0626,0.84,7.37,2026-01-18,ERROR
1716,1576,UPDATE,1.6198,21.77,31.98,2026-03-22,FAILED
1717,1746,JOIN,0.4616,6.97,13.2,2026-07-01,FAILED
1719,320,UPDATE,1.6236,2.23,15.31,2026-03-03,SUCCESS
1720,394,DELETE,0.1163,0.81,7.37,2026-09-02,FAILED
1721,1457,ANALYZE,1.3645,23.12,25.43,2026-01-16,SUCCESS
1722,644,CREATE INDEX,1.3131,34.18,17.52,2026-04-01,SUCCESS
1724,1877,INSERT,0.2111,9.0,22.06,2026-05-01,SUCCESS
1726,1650,UPDATE,1.8088,20.53,17.46,2026-03-16,SUCCESS
1729,1995,INSERT,0.9883,26.68,42.45,2026-03-26,SUCCESS
1730,1812,SELECT,0.3573,3.4,23.78,2026-03-21,SUCCESS
1731,1560,JOIN,0.6006,22.77,13.97,2026-04-16,SUCCESS
1732,42,INSERT,1.1831,14.35,40.47,2026-04-03,SUCCESS
1734,111,INSERT,2.3865,29.94,8.3,2026-03-29,TIMEOUT
1736,1179,ANALYZE,1.2193,24.16,11.67,2026-09-02,SUCCESS
1737,103,SELECT,0.6037,31.69,10.14,2026-01-30,FAILED
1739,1610,INSERT,1.1085,22.02,21.3,2026-04-04,SUCCESS
1740,726,JOIN,0.2183,23.99,20.77,2026-02-22,SUCCESS
1741,1095,SELECT,0.0682,0.41,12.29,2026-03-25,FAILED
1742,841,ANALYZE,0.2327,31.76,51.0,2026-03-21,FAILED
1743,590,CREATE INDEX,0.8098,34.34,15.44,2026-06-04,SUCCESS
1744,6,UPDATE,0.1057,0.5,12.51,2026-03-15,ERROR
1745,17,JOIN,0.4585,25.11,8.83,2026-08-01,SUCCESS
1746,1204,CREATE INDEX,1.6921,20.69,33.86,2026-08-02,SUCCESS
1747,1301,SELECT,0.8676,13.26,33.37,2026-04-28,SUCCESS
1748,674,CREATE INDEX,1.0487,16.79,28.97,2026-01-21,SUCCESS
1749,1872,CREATE INDEX,1.0445,26.65,38.53,2026-01-20,SUCCESS
1750,494,INSERT,0.0481,0.72,13.4,2026-01-21,FAILED
1751,1792,DELETE,1.1707,8.18,20.66,2026-03-02,SUCCESS
1752,1329,DELETE,1.3067,31.98,58.39,2026-02-03,SUCCESS
1753,74,INSERT,0.6433,27.43,15.28,2026-04-04,SUCCESS
1755,458,INSERT,2.3237,3.01,6.99,2026-03-21,SUCCESS
1756,205,SELECT,0.8298,7.77,22.59,2026-07-04,SUCCESS
1757,562,ANALYZE,1.1234,25.58,30.33,2026-11-01,SUCCESS
1758,1054,JOIN,2.3244,26.03,24.93,2026-10-01,SUCCESS
1760,892,DELETE,1.6085,32.7,41.77,2026-03-24,FAILED
1761,565,UPDATE,2.1177,22.93,12.29,2026-04-03,SUCCESS
1762,1029,UPDATE,0.4219,23.93,10.79,2026-02-24,SUCCESS
1764,1479,INSERT,1.5824,3.36,24.35,2026-08-01,SUCCESS
1766,1869,INSERT,0.9376,7.5,31.17,2026-03-19,SUCCESS
1767,284,UPDATE,1.0102,20.59,25.59,2026-01-21,SUCCESS
1769,1507,SELECT,0.214,6.41,37.84,2026-03-01,FAILED
1772,1313,SELECT,0.1364,1.63,14.71,2026-01-23,ERROR
1773,432,CREATE INDEX,0.3582,9.92,11.88,2026-10-03,FAILED
1775,625,DELETE,0.4438,5.6,15.36,2026-02-03,SUCCESS
1776,1393,INSERT,0.7399,20.07,29.16,2026-01-01,SUCCESS
1779,1603,UPDATE,2.0158,1.36,17.94,2026-02-21,FAILED
1780,105,UPDATE,2.4807,21.76,30.18,2026-02-21,SUCCESS
1781,977,ANALYZE,0.7852,4.16,14.98,2026-04-20,FAILED
1782,157,DELETE,1.8151,21.72,22.7,2026-10-01,SUCCESS
1785,171,CREATE INDEX,2.2373,7.18,20.15,2026-02-15,SUCCESS
1788,267,CREATE INDEX,0.7793,1.58,19.88,2026-04-16,TIMEOUT
1789,318,INSERT,0.0386,31.21,9.33,2026-08-02,TIMEOUT
1790,1318,JOIN,1.7838,1.24,43.92,2026-03-14,SUCCESS
1791,1692,SELECT,0.2047,18.48,29.79,2026-03-02,SUCCESS
1792,1922,CREATE INDEX,0.8957,20.3,10.13,2026-01-24,SUCCESS
1793,1511,CREATE INDEX,0.0975,1.24,8.56,2026-06-02,FAILED
1794,1956,DELETE,1.5144,13.59,30.97,2026-01-20,SUCCESS
1795,889,SELECT,1.6907,17.73,48.92,2026-07-03,FAILED
1796,323,ANALYZE,1.1594,33.53,25.61,2026-10-03,TIMEOUT
1797,1338,UPDATE,1.2509,10.57,56.02,2026-01-05,SUCCESS
1798,346,DELETE,2.2937,21.25,14.24,2026-06-04,SUCCESS
1799,647,SELECT,2.0846,3.81,6.67,2026-04-24,SUCCESS
1801,268,ANALYZE,1.9903,27.23,59.14,2026-02-21,SUCCESS
1803,738,INSERT,2.3204,30.71,58.95,2026-06-04,SUCCESS
1805,1544,ANALYZE,1.1003,21.6,47.93,2026-05-02,TIMEOUT
1806,1610,JOIN,2.0836,3.5,44.79,2026-02-04,FAILED
1808,760,INSERT,1.1373,8.1,59.83,2026-10-03,SUCCESS
1809,226,UPDATE,1.0672,17.64,31.28,2026-03-23,SUCCESS
1810,1532,INSERT,1.4213,30.61,23.38,2026-04-20,SUCCESS
1811,1742,SELECT,0.9554,12.15,41.45,2026-04-21,SUCCESS
1812,1049,JOIN,0.0511,26.08,32.48,2026-02-17,SUCCESS
1813,683,ANALYZE,0.6912,8.34,43.41,2026-04-29,SUCCESS
1814,1701,CREATE INDEX,1.4123,5.9,32.76,2026-01-20,SUCCESS
1815,660,CREATE INDEX,0.2329,22.79,31.37,2026-03-01,SUCCESS
1816,76,SELECT,1.7405,29.33,33.26,2026-09-03,TIMEOUT
1817,1123,UPDATE,0.9937,27.5,19.17,2026-03-19,SUCCESS
1818,1945,INSERT,0.1284,1.95,2.97,2026-09-01,ERROR
1819,808,JOIN,1.2734,33.15,16.72,2026-11-04,SUCCESS
1820,1697,INSERT,1.1585,23.58,13.46,2026-04-04,ERROR
1821,1213,UPDATE,0.4861,12.24,47.52,2026-04-24,SUCCESS
1822,1561,UPDATE,1.3788,24.45,13.01,2026-03-17,SUCCESS
1823,1719,ANALYZE,2.1738,6.59,54.73,2026-03-22,SUCCESS
1825,1471,SELECT,1.5111,8.65,52.09,2026-04-04,SUCCESS
1826,286,UPDATE,1.9991,4.95,31.1,2026-01-30,SUCCESS
1827,963,ANALYZE,0.8299,31.96,12.06,2026-01-18,SUCCESS
1831,197,JOIN,1.5778,20.63,34.08,2026-10-02,SUCCESS
1832,1977,UPDATE,1.6789,16.24,23.03,2026-01-03,SUCCESS
1834,714,JOIN,2.0742,4.76,34.44,2026-01-23,SUCCESS
1835,962,SELECT,0.0455,10.44,22.95,2026-04-13,SUCCESS
1836,762,SELECT,0.7067,11.2,35.77,2026-06-02,FAILED
1837,1280,CREATE INDEX,1.7321,5.98,10.73,2026-02-25,TIMEOUT
1838,809,ANALYZE,0.2811,26.62,59.9,2026-02-22,SUCCESS
1839,935,UPDATE,2.0435,7.3,37.38,2026-04-30,SUCCESS
1840,1748,SELECT,1.5858,21.43,53.42,2026-10-02,FAILED
1841,1376,INSERT,1.7863,15.39,13.37,2026-04-21,TIMEOUT
1843,240,JOIN,2.1748,28.18,53.71,2026-02-25,SUCCESS
1845,928,ANALYZE,0.2632,14.78,32.86,2026-03-22,SUCCESS
1846,328,UPDATE,0.8072,26.96,10.53,2026-08-04,SUCCESS
1848,458,INSERT,0.462,17.62,59.02,2026-01-16,FAILED
1850,1235,DELETE,0.8243,7.46,21.06,2026-01-16,SUCCESS
1852,570,UPDATE,0.4273,10.39,52.08,2026-01-19,TIMEOUT
1854,997,ANALYZE,0.3115,4.44,37.34,2026-01-19,SUCCESS
1856,1600,JOIN,0.5322,31.27,25.86,2026-07-04,SUCCESS
1857,1739,ANALYZE,1.0098,2.09,47.47,2026-02-18,TIMEOUT
1858,1101,SELECT,1.3005,26.24,27.18,2026-04-25,TIMEOUT
1859,244,INSERT,0.8713,4.39,50.41,2026-06-04,SUCCESS
1860,1629,DELETE,1.8893,7.04,26.7,2026-01-04,SUCCESS
1861,992,ANALYZE,0.4346,23.18,36.15,2026-01-21,FAILED
1862,1599,INSERT,0.6068,5.23,55.66,2026-01-03,SUCCESS
1863,588,DELETE,1.1663,25.59,53.86,2026-03-23,FAILED
1864,143,SELECT,0.0234,3.99,13.75,2026-04-21,SUCCESS
1866,1165,CREATE INDEX,0.5255,7.13,57.67,2026-03-15,TIMEOUT
1867,1279,CREATE INDEX,1.7524,16.14,23.34,2026-01-05,SUCCESS
1868,511,CREATE INDEX,0.3659,7.21,26.02,2026-01-04,TIMEOUT
1871,1134,UPDATE,1.8465,4.53,9.0,2026-01-17,SUCCESS
1872,195,INSERT,1.8478,25.37,14.25,2026-04-20,FAILED
1873,1324,DELETE,0.0815,30.6,12.94,2026-06-01,SUCCESS
1874,1013,SELECT,1.1423,7.15,23.89,2026-01-03,SUCCESS
1876,1482,JOIN,0.6616,33.46,43.73,2026-01-16,SUCCESS
1877,1376,UPDATE,0.1049,0.26,4.08,2026-04-04,ERROR
1879,501,CREATE INDEX,0.1747,14.23,48.19,2026-10-01,TIMEOUT
1884,893,DELETE,0.7308,14.68,19.49,2026-11-03,SUCCESS
1885,90,INSERT,2.0707,6.18,6.99,2026-04-22,FAILED
1886,836,INSERT,1.7798,2.5,19.7,2026-05-02,SUCCESS
1888,198,JOIN,2.1779,31.95,42.81,2026-03-24,FAILED
1889,438,SELECT,1.6553,13.63,6.06,2026-04-27,SUCCESS
1890,1570,ANALYZE,1.9692,3.94,26.54,2026-01-16,TIMEOUT
1891,1453,INSERT,1.6715,12.09,41.92,2026-03-14,SUCCESS
1892,345,INSERT,1.9683,15.66,53.57,2026-01-15,SUCCESS
1893,850,SELECT,1.7165,1.29,10.26,2026-01-01,SUCCESS
1894,1405,CREATE INDEX,0.0543,1.92,13.72,2026-01-26,ERROR
1895,948,ANALYZE,0.1467,1.72,13.11,2026-03-16,ERROR
1896,1682,SELECT,0.0023,0.34,11.65,2026-03-26,ERROR
1897,934,INSERT,2.4339,20.07,37.28,2026-05-03,SUCCESS
1898,569,INSERT,0.6982,15.41,9.29,2026-03-27,FAILED
1900,1100,JOIN,0.1286,0.57,10.68,2026-01-29,FAILED
1901,1429,CREATE INDEX,2.3764,3.68,39.27,2026-01-21,FAILED
1903,92,JOIN,1.5459,15.31,28.97,2026-12-03,SUCCESS
1904,246,ANALYZE,0.9502,11.32,20.86,2026-02-19,SUCCESS
1905,1660,UPDATE,1.5054,11.54,43.52,2026-02-15,SUCCESS
1906,1191,UPDATE,0.9872,12.68,11.1,2026-06-03,SUCCESS
1907,370,INSERT,1.0285,1.14,47.56,2026-07-03,FAILED
1908,1456,CREATE INDEX,0.7267,12.47,12.49,2026-01-28,SUCCESS
1909,547,CREATE INDEX,0.1673,31.15,33.75,2026-01-28,TIMEOUT
1910,101,INSERT,0.0443,1.84,8.76,2026-01-30,ERROR
1912,348,CREATE INDEX,0.7333,31.51,30.23,2026-01-24,FAILED
1913,393,SELECT,0.8085,34.44,26.81,2026-03-26,SUCCESS
1914,1842,INSERT,2.2052,28.72,17.38,2026-03-02,SUCCESS
1915,566,INSERT,0.2652,26.59,27.53,2026-03-20,SUCCESS
1916,1183,SELECT,1.7276,6.25,20.1,2026-02-22,SUCCESS
1918,1218,SELECT,1.4254,3.22,11.43,2026-10-02,SUCCESS
1919,1874,SELECT,0.2484,23.19,18.29,2026-10-03,SUCCESS
1920,243,JOIN,0.4597,9.05,18.95,2026-02-17,TIMEOUT
1921,1839,SELECT,0.1037,1.57,11.68,2026-07-02,FAILED
1922,1186,SELECT,2.139,5.05,15.79,2026-01-01,SUCCESS
1923,1261,INSERT,0.5648,11.12,6.99,2026-03-31,FAILED
1924,1818,DELETE,2.2706,11.93,41.96,2026-02-18,FAILED
1925,552,JOIN,0.2078,15.94,12.87,2026-03-15,FAILED
1926,1887,CREATE INDEX,1.5083,3.32,7.07,2026-01-26,SUCCESS
1927,1823,UPDATE,1.1242,23.18,17.78,2026-04-25,SUCCESS
1928,908,UPDATE,0.2525,7.42,27.7,2026-02-26,FAILED
1929,441,CREATE INDEX,1.5555,29.76,39.25,2026-04-27,SUCCESS
1930,1894,CREATE INDEX,1.4105,8.67,11.4,2026-03-24,SUCCESS
1933,1620,CREATE INDEX,1.7425,3.4,25.03,2026-03-21,SUCCESS
1935,1756,UPDATE,0.6562,16.75,17.71,2026-02-26,SUCCESS
1936,1750,DELETE,0.7966,17.47,22.78,2026-04-25,SUCCESS
1937,25,ANALYZE,1.419,25.21,22.97,2026-01-18,SUCCESS
1939,1390,ANALYZE,0.2526,26.74,6.82,2026-01-18,SUCCESS
1940,346,JOIN,0.0209,1.9,8.43,2026-07-04,FAILED
1941,1148,INSERT,1.6116,18.63,57.55,2026-05-04,SUCCESS
1942,564,SELECT,0.0986,0.53,7.32,2026-02-20,ERROR
1944,78,CREATE INDEX,2.4488,31.38,49.65,2026-01-17,TIMEOUT
1945,191,INSERT,1.5602,10.01,14.91,2026-01-16,TIMEOUT
1946,1195,DELETE,0.2077,26.37,21.33,2026-04-02,SUCCESS
1947,585,JOIN,1.1918,20.83,5.99,2026-03-27,SUCCESS
1949,1237,UPDATE,0.0607,23.14,44.82,2026-03-13,SUCCESS
1951,888,CREATE INDEX,2.354,16.15,48.24,2026-03-22,SUCCESS
1952,1742,CREATE INDEX,1.2656,4.17,51.1,2026-01-13,SUCCESS
1953,1520,UPDATE,0.3345,11.17,27.95,2026-04-02,FAILED
1954,1744,CREATE INDEX,0.6986,5.0,48.45,2026-02-16,TIMEOUT
1957,1495,UPDATE,1.2142,11.45,15.71,2026-09-02,SUCCESS
1958,266,INSERT,1.4357,20.56,35.82,2026-04-19,SUCCESS
1959,1630,JOIN,1.9553,4.68,48.21,2026-01-31,SUCCESS
1960,889,ANALYZE,1.3295,15.71,6.97,2026-09-01,SUCCESS
1961,974,DELETE,1.6658,7.4,43.09,2026-01-02,TIMEOUT
1963,964,SELECT,0.1789,29.29,35.83,2026-03-18,TIMEOUT
1964,1495,CREATE INDEX,1.9099,9.09,57.36,2026-04-18,FAILED
1968,674,ANALYZE,2.3827,22.58,6.78,2026-02-25,FAILED
1969,732,ANALYZE,1.0082,11.72,59.35,2026-11-01,SUCCESS
1970,889,INSERT,1.5825,13.64,5.76,2026-04-13,FAILED
1971,3,UPDATE,0.7294,30.92,50.31,2026-03-30,SUCCESS
1972,1052,CREATE INDEX,2.3626,30.84,23.55,2026-01-13,SUCCESS
1973,1936,SELECT,1.8441,17.75,54.53,2026-04-01,SUCCESS
1974,102,ANALYZE,0.5394,8.98,12.36,2026-04-26,SUCCESS
1976,1728,INSERT,0.1213,1.16,4.78,2026-01-25,ERROR
1977,342,UPDATE,1.0549,22.29,34.19,2026-03-31,SUCCESS
1978,1020,DELETE,1.6561,9.87,6.79,2026-09-04,SUCCESS
1981,925,INSERT,0.3828,34.53,28.35,2026-12-01,TIMEOUT
1982,222,JOIN,1.5066,7.05,25.41,2026-03-22,FAILED
1983,1892,INSERT,0.0765,33.11,18.09,2026-03-17,FAILED
1984,1974,JOIN,1.7187,12.58,22.29,2026-03-29,TIMEOUT
1985,677,SELECT,0.54,3.85,48.73,2026-04-29,SUCCESS
1986,788,INSERT,1.2801,9.4,23.51,2026-04-18,SUCCESS
1987,1223,CREATE INDEX,0.0319,0.78,12.23,2026-03-16,FAILED
1988,662,INSERT,0.1265,6.85,44.62,2026-04-15,FAILED
1989,1833,ANALYZE,0.8335,17.28,59.22,2026-08-04,FAILED
1990,1914,INSERT,0.133,7.42,10.09,2026-06-01,SUCCESS
1992,1180,UPDATE,1.1415,11.12,55.26,2026-12-02,FAILED
1994,1136,ANALYZE,0.1022,4.01,39.66,2026-04-15,TIMEOUT
1995,641,CREATE INDEX,0.4371,26.94,20.54,2026-03-17,SUCCESS
1998,1152,JOIN,0.0036,0.99,2.54,2026-04-28,FAILED
1999,1932,ANALYZE,0.317,16.74,12.65,2026-04-14,SUCCESS
2000,1899,ALTER TABLE,2.177,31.11,20.25,2026-04-13,PENDING
